sample_id,hold_mean,flight_mean,typing_speed,error_rate,label
0,0.11355402001866507,0.129939669238697,46.90098925502981,0.026105857452838232,Genuine
1,0.29358742687586237,0.42565465078882353,30.83745508184233,0.1137754023768531,Cheating
2,0.1771933715416541,0.16695195332420043,37.57770931479551,0.05415375374326223,Suspicious
3,0.11543157674390747,0.13169754272539072,39.59471729795869,0.030531528533329036,Genuine
4,0.1092088969228669,0.19044502092117874,45.14159188065231,0.02029756139495745,Genuine
5,0.12876567611951995,0.1545186581534788,45.48060388470492,0.015377247112949575,Genuine
6,0.10131007545135369,0.16072483629594084,46.110668858168566,0.015212513783365227,Genuine
7,0.33534536753441124,0.2873774888446347,23.691898490870486,0.08680806825177476,Cheating
8,0.2378791153741493,0.25982773882557875,41.19106723681181,0.020288792539260563,Suspicious
9,0.19068201063477036,0.29448153978117186,35.49370393565255,0.07130960750130702,Suspicious
10,0.09965423099799256,0.2122804232055674,56.49449061809625,0.01637161439560341,Genuine
11,0.2332698487159537,0.45173691339823907,36.057005020114985,0.08431419918540195,Cheating
12,0.1631925273161657,0.23591076955697465,26.933296933794338,0.03162696107031604,Suspicious
13,0.08991718466495864,0.14696607304687614,44.82657556306609,0.022342147325365207,Genuine
14,0.14101000985628154,0.1400493787778363,49.92161199238292,0.01786011155774491,Genuine
15,0.10901072580695134,0.19024458476499811,39.386389892188504,0.023824097461840506,Genuine
16,0.11332904416426112,0.18477353792024448,46.44584321953909,0.04455300139910894,Genuine
17,0.09724520031497368,0.15407009134994548,41.88429736787618,0.014445228808397454,Genuine
18,0.09725225745386964,0.20567049593322656,52.102521239949276,0.014292537062505238,Genuine
19,0.09335288853791543,0.18414246669159212,42.23888477859514,0.026329318177555107,Genuine
20,0.188116920834052,0.17421279425013841,44.28503120798037,0.08591755346191043,Suspicious
21,0.09774422619031228,0.1583689532019205,46.429326953624525,0.02334456789987025,Genuine
22,0.12317088545345661,0.2303061361629905,44.11526386252975,0.012017027554615463,Genuine
23,0.08241361543970946,0.14807209880174244,44.83436513563102,0.037945578635177876,Genuine
24,0.09964777401927657,0.17671363854916697,44.917885519636236,0.03188393273448084,Genuine
25,0.2810772970349449,0.22345656135398395,32.06336334489067,0.07088321754138144,Suspicious
26,0.12363782979252623,0.22540121977208102,47.91964092662982,0.016407079092129406,Genuine
27,0.12181309661384619,0.20326110741748724,49.10241090598682,0.025072740311072976,Genuine
28,0.13133349379178308,0.2050788677133702,51.91079495518763,0.026487098875896425,Genuine
29,0.1066576383936629,0.17440141059299968,51.03254483254179,0.011830643290127639,Genuine
30,0.19474693235491605,0.23033305938363197,35.172468937608905,0.07556903725214598,Suspicious
31,0.11382198136039806,0.17139309644468448,38.200719295100406,0.027462535660272208,Genuine
32,0.12290968362282151,0.23489764169916383,43.461108825234994,0.02219150327663939,Genuine
33,0.2749630210226453,0.4604217295834432,24.332931273291337,0.10837064577311017,Cheating
34,0.29647379058299234,0.36306263862094507,21.8749646981463,0.10582269978694923,Cheating
35,0.22294526999439088,0.19867423502944698,35.797818044881254,0.035997583701216536,Suspicious
36,0.13390093257849686,0.12430439285648677,42.20539076364206,0.023772118750645208,Genuine
37,0.14131048058468682,0.16802749216781038,42.22400236653401,0.0388115706944059,Genuine
38,0.12207944398335023,0.14005970216899588,37.64008670032,0.03995891551294778,Suspicious
39,0.08957534365738573,0.1912506934189806,46.219003568855996,0.014359213692632718,Genuine
40,0.08439391202658211,0.19617371984840434,48.251005889793305,0.01900824136220617,Genuine
41,0.14693273992095332,0.13789745701021544,37.372374145376305,0.013080919301187556,Genuine
42,0.10908827967289005,0.17730018347968077,43.79381971071835,0.02352055396514297,Genuine
43,0.18490763454857337,0.45106352228512814,24.424941751252017,0.13351887494764383,Cheating
44,0.11685450692755409,0.18370259657461352,47.84883640116102,0.02447708560017315,Genuine
45,0.20570891039470174,0.31645762650662157,36.179127018208824,0.06418007515177025,Suspicious
46,0.10820528611425546,0.21320351646348418,41.61803848970365,0.038009404329108154,Genuine
47,0.10919684098711313,0.12707674693645857,45.64052207455395,0.013189483425251192,Genuine
48,0.12681287097977448,0.1504212806209283,42.7690828339261,0.0011045926905446889,Genuine
49,0.10095387361501847,0.09728362020113132,37.08048588257138,0.027604146561442975,Genuine
50,0.30714800951904997,0.37978202932494753,18.23116699809551,0.0985686593157406,Cheating
51,0.17985589843637725,0.19208176554037287,44.02038981060291,0.06754724581151343,Suspicious
52,0.24674214957022017,0.3518820087296171,26.458679655632867,0.03874795394727129,Cheating
53,0.2451693570487642,0.30226110264015404,17.988659930735594,0.09156699121342136,Cheating
54,0.14595373053699046,0.1892252858380103,42.144105051086015,0.025725827813561586,Genuine
55,0.3439613261951601,0.41472435780389383,25.41741258944122,0.08059189666883279,Cheating
56,0.1239644662722718,0.1818045615626525,49.47596610013866,0.026351718016819695,Genuine
57,0.1309910543063867,0.15394294365318298,51.58697032817163,0.021975996046923997,Genuine
58,0.1515052174525053,0.14932436545731298,53.67981901582625,0.021979107834626477,Genuine
59,0.09697163992771103,0.15548342497837037,43.3982634590284,0.024241659464019166,Genuine
60,0.12045670976070999,0.15278899988184264,44.87822703869509,0.04142270358611864,Genuine
61,0.14455086340201423,0.183089710090221,45.190017390841,0.021200313267182615,Genuine
62,0.20454071890921666,0.19886037174007973,33.45574077545993,0.016628318522448213,Suspicious
63,0.11798446245210559,0.18941587819108224,42.58406768850313,0.035739867632900324,Genuine
64,0.08548468673995317,0.1260687535937054,46.12225909279986,0.030470983026121546,Genuine
65,0.14367855382915737,0.15623347211393182,50.393404167156476,0.019614915304992927,Genuine
66,0.10654745400118361,0.19650979812460018,48.261614392067095,0.004236078430157508,Genuine
67,0.23906161398903583,0.31900456770737257,31.246623790942824,0.05791607066874818,Suspicious
68,0.11988060372565477,0.17782021297471723,42.2484742307729,0.013283766320619485,Genuine
69,0.2584667557405133,0.4320910313481555,28.805201082161027,0.08888157003741683,Cheating
70,0.2108679484259338,0.10757286896849622,41.89259420223262,0.01520572442443801,Suspicious
71,0.10275118117193735,0.1364099031612157,38.52659262139547,0.03160826787378519,Genuine
72,0.10064597597376218,0.1803951164519215,44.76539710560408,0.024770408272231214,Genuine
73,0.1830728756424102,0.18585038879057153,40.97760091668284,0.040124868336773756,Suspicious
74,0.11773672405360995,0.22859424195170436,44.004558743805866,0.06700443484226987,Suspicious
75,0.16605391462368563,0.23253711478407857,33.070189692695706,0.09153495967121683,Suspicious
76,0.19527741808926213,0.2715020823595535,41.18170072419105,0.05477578318053027,Suspicious
77,0.10481915708358594,0.16410950452745066,44.64199370292968,0.019627777634901585,Genuine
78,0.1245525908727396,0.171558376574219,48.6632003860779,0.019192834198914176,Genuine
79,0.11157270380632181,0.11005397946403678,49.581638373512405,0.023464884758979926,Genuine
80,0.31988060659157913,0.14726212352644172,39.61862293346509,0.09581231115534479,Cheating
81,0.22432731266950065,0.19800470364372347,38.67664343037542,0.028931688736526878,Suspicious
82,0.0975246207860839,0.2274209406160036,44.04658799618327,0.02217432873179723,Genuine
83,0.12740135461377508,0.18487045663917814,45.75209452571788,0.023649610024662253,Genuine
84,0.15806831170476549,0.16827143608899245,46.005495233574834,0.03050654396007612,Genuine
85,0.13211051865915968,0.2056109091668114,48.19365111014592,0.008569950872695164,Genuine
86,0.24533726129204383,0.1926827303490656,36.8158127914342,0.03491448299961285,Suspicious
87,0.17743446613628028,0.266438120515174,36.92814329270164,0.058438415084705694,Suspicious
88,0.3568226761435188,0.38174740110597855,23.29090355296546,0.1289226150486507,Cheating
89,0.13378940977849282,0.13317176554589025,47.98700034924929,0.027011727423108985,Genuine
90,0.10404872993280016,0.2112712043993486,44.249722064837364,0.02125576453471542,Genuine
91,0.1730771270286452,0.2507789523790734,28.42234947862879,0.021198982348114116,Suspicious
92,0.2437802025289989,0.2076519325840836,29.051645903262155,0.006932197727925707,Suspicious
93,0.09722076504620995,0.13030730619777506,53.21007580068185,0.03009817089342634,Genuine
94,0.15247398619289104,0.3626217902672154,40.89059292194956,0.04350337232982755,Suspicious
95,0.060011885702528536,0.23872827717772227,38.05213766618202,0.003546012530431082,Genuine
96,0.1304514086401928,0.2431925721901782,51.921364092552594,0.025639091200523597,Genuine
97,0.12189508683330572,0.19560246676340926,48.79464294893383,0.022811914239693757,Genuine
98,0.11208402207903752,0.16812220616301435,41.230177055666616,0.01719324923133226,Genuine
99,0.0761408637160923,0.16704981119615753,40.057044464245415,0.00896410682784229,Genuine
100,0.11359788302306957,0.211760068590338,49.59158303001156,0.004294993963768229,Genuine
101,0.14041487453718648,0.2970385593994108,29.105075638770142,0.04550733700005951,Suspicious
102,0.12100104198049104,0.14094966635409095,45.5268775307298,0.006659745050817956,Genuine
103,0.09797264712097573,0.17959345802427612,37.03503133234165,0.02440474737960399,Genuine
104,0.2588217320643991,0.38867429680920035,26.56739893845263,0.14092421289921533,Cheating
105,0.11250449005295815,0.15711783376624242,45.61148751516142,0.02543298029036388,Genuine
106,0.11097720140651408,0.17121775073611648,41.490041560966226,0.013370990824490519,Genuine
107,0.12389578912801225,0.33747883715934696,27.53682058765229,0.036141896044081856,Suspicious
108,0.09563185468861606,0.19684773130833325,43.52525160853986,0.03247742072673734,Genuine
109,0.09653018751512263,0.17836982486671407,40.823264733701215,0.041451491277733885,Genuine
110,0.08624803161940975,0.17929462130681084,48.168884404660496,0.02413799097451498,Genuine
111,0.10629424682244583,0.16610537900799724,45.21905735989555,0.018529979983715115,Genuine
112,0.3178327470076946,0.5047366101113946,21.097557504945165,0.05890591061262767,Cheating
113,0.1764687180659498,0.37898546688271595,30.177952592181615,0.08278233610888136,Suspicious
114,0.24710803256305763,0.22232058791460027,38.41389847511165,0.08256793246257077,Suspicious
115,0.2372523355407508,0.3357493747928347,20.928233602359494,0.069557298079214,Cheating
116,0.1540288981973597,0.18880298666188716,35.204500809555356,0.034600535378827166,Suspicious
117,0.11467571823581496,0.12332313061389119,46.654401161072286,0.02833528961608925,Genuine
118,0.14037586144571268,0.37618395988933,33.59368294731304,0.06371076943926385,Cheating
119,0.14345144773675406,0.18257057028098136,41.47494072120796,0.01944230922342294,Genuine
120,0.2023330765008689,0.2538002695706206,38.23253595467821,0.03158652813841267,Suspicious
121,0.2701616494421647,0.2510399852166514,24.221417570559097,0.07288277075605631,Cheating
122,0.09528940114820467,0.20708279525631312,50.45655060297135,0.02609138120907177,Genuine
123,0.08815374470654842,0.16050774650915595,51.06548849989592,0.021417169136399048,Genuine
124,0.15638659079963388,0.18179953518183117,45.960245582450156,0.016908835357974987,Genuine
125,0.11267081809564565,0.1654259049085837,48.54054338344295,0.029567023167945843,Genuine
126,0.14856042157968202,0.1834383523221111,23.98276776138022,0.060159826538250874,Suspicious
127,0.1937980036295676,0.19929765849332617,27.720050231716748,0.17478998552298372,Cheating
128,0.10987858176920214,0.19515472323354927,45.40914679273782,0.019011103468088573,Genuine
129,0.12838152965975538,0.16129176367434048,46.33696157035951,0.023216978061960138,Genuine
130,0.09663819092713903,0.1997612704860957,44.12520121652296,0.012442548405071554,Genuine
131,0.12073019687140807,0.1430459605462689,45.14090578684564,0.019908810033557964,Genuine
132,0.13171791131663158,0.1842409469863986,44.87486520627428,0.02817766299200287,Genuine
133,0.13780415098034626,0.1867343091905559,45.051763099216906,0.006881637676498405,Genuine
134,0.19609318021547767,0.32863427069517326,20.73341458488502,0.09439086091043662,Cheating
135,0.11113299849794214,0.18589078263070194,44.647506109704544,0.02486501643826202,Genuine
136,0.1112894882962024,0.11073600300938388,40.30332303090623,0.018559124442783848,Genuine
137,0.1316122102863557,0.2799964364998102,44.18450499406218,0.07437523703394633,Suspicious
138,0.10573114258139583,0.21472178410549858,45.74333728601056,0.016629140288819608,Genuine
139,0.22319584018754363,0.32882712194583097,22.2827622702114,0.10511248667126463,Cheating
140,0.2696344388629919,0.350213221410739,28.058567188224448,0.13571938824359026,Cheating
141,0.12899108270882648,0.1254530609465029,32.230394325490224,0.029343199112392738,Genuine
142,0.08266242603169158,0.1632570379432195,39.1494348697032,0.0019801956241998035,Genuine
143,0.12082925456409577,0.1927746548090794,42.1174479963664,-0.0059104229214490996,Genuine
144,0.09907511103495034,0.1817541201620764,37.60544215612936,0.021833599197791556,Genuine
145,0.1096938030165401,0.18737874498803267,45.59790184207077,0.010269310591184445,Genuine
146,0.22786286006657963,0.2420735213486515,34.83617276294041,0.03133464081853608,Suspicious
147,0.1011343549761698,0.143455918579193,44.135269700382885,0.037117084801423436,Genuine
148,0.08256197714137287,0.12159315806369778,52.35585163746804,0.01790676322848134,Genuine
149,0.09661854522680167,0.20119714062188232,41.97192230131568,0.038260097135469365,Genuine
150,0.30067555228035614,0.3158462014298008,40.101157492858526,0.08182855230989985,Cheating
151,0.12484190744018614,0.17897877741219476,51.50870644699399,0.03561511196726853,Genuine
152,0.11064008298131534,0.1473974638896145,47.29986071469558,0.01322284630247894,Genuine
153,0.15026774495053247,0.17409605993248214,43.17339224343946,0.021846803058649084,Genuine
154,0.17917242262821823,0.28198701730425435,33.402897355610975,0.08029317163085814,Cheating
155,0.08906178034636121,0.1860995825758186,50.928520773314986,0.02718953310665067,Genuine
156,0.21984190743223264,0.21216024557152696,26.46913599954894,0.08002667303910974,Suspicious
157,0.16709280644631455,0.23745834917724762,42.96916485109435,0.0611246001880132,Suspicious
158,0.11911775544163215,0.23495007034703252,41.78240884809929,0.029278401280812372,Genuine
159,0.18228052499588338,0.26342961394316283,44.17081055847519,0.06015671512579248,Suspicious
160,0.12076592158099266,0.20217522011929406,43.17523635228557,0.011607903326609936,Genuine
161,0.13820763223915866,0.15168217053119992,47.33724277964193,0.02793583268556634,Suspicious
162,0.1711498550565691,0.23615933500555397,36.844440186854605,0.06631474425078594,Suspicious
163,0.1272094697671949,0.15250767684293187,44.16439143106794,0.022825799504882997,Genuine
164,0.10502617747632906,0.2182203672805998,47.45487475819126,0.027348777860498174,Genuine
165,0.2065152507466965,0.30867369287426627,36.086129352222244,0.02406336104088307,Suspicious
166,0.11799375903505283,0.15045929318624515,42.35691659125121,0.025863640187550933,Genuine
167,0.13476566142867272,0.17063814730208185,46.54416506299482,0.037022149446352376,Genuine
168,0.11481506358977137,0.24805049342541186,47.827548228157724,0.0023923724084418223,Genuine
169,0.12506683242209066,0.18143475154648334,51.44876377041373,0.026731813512699584,Genuine
170,0.17446176064064903,0.18878508818553172,33.74586045628385,0.032989590915814,Suspicious
171,0.09838953100390554,0.1876573521326183,53.34952252175703,0.02394671529822981,Genuine
172,0.08608233875929631,0.18333808004660423,50.98315743322826,0.013902170956806178,Genuine
173,0.10731965666654164,0.17044064584187593,41.0755084345888,0.026482804338438592,Genuine
174,0.17516207405568873,0.2709766221953514,29.6750469331874,0.04125083399353179,Suspicious
175,0.12444762715655543,0.158815005437247,53.63481925616703,0.016003638143853978,Genuine
176,0.18898738903007542,0.2966295415936545,26.48980560240181,0.014783823760384486,Suspicious
177,0.07948687370859811,0.2078775231028155,42.240709270537764,0.045581992856682525,Genuine
178,0.2261451440805567,0.36291859122379255,35.79476966797513,0.1601827866447737,Cheating
179,0.15123007153272797,0.20625098691779428,50.12031262905731,0.02592526949201183,Genuine
180,0.12556722152333274,0.15346442851014402,40.90900558288846,0.01996625542589048,Genuine
181,0.10659630754950143,0.15640315852018175,48.481937237283574,0.029553052085705106,Genuine
182,0.26530441317751086,0.45342710567386835,17.008176201065464,0.09419021622160846,Cheating
183,0.21699066076383172,0.21934243680488577,24.421235199101105,0.0963475747485015,Cheating
184,0.14026899486484262,0.18892435053664333,39.87906587835398,0.038540925663341885,Genuine
185,0.22884134782101412,0.2791048851734308,33.64109540690101,0.030811215265530406,Suspicious
186,0.16511172895715787,0.3044374309852093,46.307517835607655,0.08086487056544378,Suspicious
187,0.10022301156427452,0.13641147700132966,45.70443123455602,0.002315606344371484,Genuine
188,0.11646335428369563,0.16557192241103996,42.66981749065879,0.004052969327332047,Genuine
189,0.12027200213139433,0.15401897481014268,39.15041582144856,-0.008722622132816493,Genuine
190,0.10944970189898727,0.22316754790009233,53.30629607273935,0.015429037434137281,Genuine
191,0.22386727637829318,0.3828141979252516,18.01130192568196,0.10905375699458399,Cheating
192,0.3059648167030814,0.4358853256719015,24.29892146464033,0.09388978749469103,Cheating
193,0.14488069652973756,0.208655982298007,33.64112664859084,0.05734731013632356,Suspicious
194,0.128271692524665,0.14590463147958965,52.46344284479761,0.017288763989574314,Genuine
195,0.10957265411303128,0.1475836496255653,32.87879869863529,0.0288404539636105,Genuine
196,0.20947375588369732,0.23593362214408933,35.40194430334923,0.06031878435408199,Suspicious
197,0.16624724858680745,0.31296631258575935,30.55985275735279,0.06237131730492253,Cheating
198,0.27761347592999774,0.2550392736763616,28.265009877034686,0.0989307555310755,Cheating
199,0.11539472736377962,0.3082369677228586,30.592450539211704,0.03379495125971238,Suspicious
200,0.18802276788923772,0.30743186747143575,28.90506908612962,0.05123359699695944,Suspicious
201,0.11857633000661146,0.19079316821789433,45.882207776386124,0.016329721609166778,Genuine
202,0.0934481955870256,0.17258431649139125,39.639304940071966,-0.009213504834946075,Genuine
203,0.28619358824946006,0.4132754388760337,8.459472951207132,0.06970807885870188,Cheating
204,0.2047661704402079,0.35287477348558494,35.12476224605245,0.035439941175417315,Suspicious
205,0.1063420711779032,0.21124629257444555,41.77017910437732,0.012008079933497465,Genuine
206,0.10034512955635935,0.14140014175223864,45.61335157997398,0.0362467845846956,Genuine
207,0.19292317092464115,0.23738232489368563,33.24913238650674,0.018736183826066864,Suspicious
208,0.12766219554294317,0.16766488408961594,44.097600432046875,0.05193107567844861,Genuine
209,0.11597505816731372,0.14744626849714448,42.86821201897229,0.03148445709196755,Genuine
210,0.11226540821075529,0.126851660650479,49.596144672876015,0.01331855914461006,Genuine
211,0.25493191104870183,0.3040024032857324,32.316068626047496,0.07562032723470226,Suspicious
212,0.1827142204210961,0.29263868375611096,37.90839690376685,0.03307286690018253,Suspicious
213,0.09712900335365077,0.20089882452743485,43.326123339467294,0.015963515367580033,Genuine
214,0.14179509682602587,0.27117995327967304,47.37514951545887,0.028649341714914546,Suspicious
215,0.11048438913345517,0.21236661666246287,44.60179304377142,0.02452371796249734,Genuine
216,0.0887521294370624,0.18284921291622946,44.06427867497726,0.02985729995679863,Genuine
217,0.22749544206259004,0.3794781821009307,38.47779903928145,0.05651592633164333,Suspicious
218,0.18777537206309344,0.2323416853594656,37.03090306077014,0.044091971797219416,Suspicious
219,0.18673843905078458,0.315879876780398,28.960744608322152,0.0727975712225809,Suspicious
220,0.2326846026935946,0.24409657365044607,22.268870605948432,0.03784356025811135,Suspicious
221,0.1359398909312222,0.16931395813103356,40.00348883852545,0.014952250787717825,Genuine
222,0.12681240053009107,0.1864020070460414,43.805339504151526,0.016331755881853125,Genuine
223,0.10216483701912356,0.14232769446504495,53.07687844734721,0.016776795307886602,Genuine
224,0.13434317041650992,0.21563948155767354,49.9915544907398,0.015683796872819518,Genuine
225,0.11807460180673218,0.16927413180827253,40.48149069634936,0.02324359281721603,Genuine
226,0.18925761253041185,0.43313755719230945,21.747678918911248,0.10603478967618518,Cheating
227,0.11566575743092285,0.1622328507888777,47.933469007376374,0.015250963433774755,Genuine
228,0.3122778378474347,0.25578142238272755,25.88465705682488,0.15816786997174853,Cheating
229,0.139986747015777,0.21611275147375741,38.08344709795349,0.05359163563879196,Suspicious
230,0.19402520397094236,0.2744593565073832,38.80832881137062,0.07219399683912447,Suspicious
231,0.11819637313857025,0.16276227036144375,48.362868506013655,0.038998819348952156,Genuine
232,0.10734732507234852,0.14076412085988077,50.53540334643486,0.018796188360464018,Genuine
233,0.06654660907971928,0.19542265031451267,42.32335907023039,0.01909466717695839,Genuine
234,0.11663960661138029,0.17571499039337202,48.547259085695195,0.015645136294301566,Genuine
235,0.2005242319270433,0.23702266612080414,39.432862885325015,0.06230734968026107,Suspicious
236,0.09129122595910809,0.20257946348525097,42.32018277442976,0.028080577982811453,Genuine
237,0.11734574626802681,0.22514551030385369,43.88267008814074,0.016506832038818024,Genuine
238,0.17922321576449068,0.23484101085828624,39.7996514116523,0.017673787831268245,Suspicious
239,0.08892635161707292,0.13796591235262423,49.751537959867875,0.03710613372581925,Genuine
240,0.2537330468877517,0.3381824793766992,25.49036514179227,0.13485634907824573,Cheating
241,0.20435881194856556,0.36668582879143496,31.826383408477007,0.11503282509819536,Cheating
242,0.2713748969959246,0.42007322647969986,6.077373949005342,0.12033625958592724,Cheating
243,0.09691848633745152,0.11508101309430631,47.556012997624904,0.03373658545162958,Genuine
244,0.10725102970744617,0.1985862364160882,53.06139128994323,0.033149144535840475,Genuine
245,0.35839787176228355,0.40194892437503243,25.52803547231115,0.051941025643084955,Cheating
246,0.10507875023740103,0.14470260214051425,55.85471358748907,0.018241141875676634,Genuine
247,0.26739228840706913,0.3886039763228327,25.305217124607175,0.1508515312129226,Cheating
248,0.2226410382959329,0.363622521866607,19.80270590011366,0.060399324663378835,Cheating
249,0.2232938545456829,0.34740742420661114,21.99488442837918,0.07922737060378432,Cheating
250,0.08187365072656333,0.16750683282113918,37.47639812984499,0.027600559636896026,Genuine
251,0.11164879505869006,0.12627345501605208,43.453954614750685,0.012478435944094169,Genuine
252,0.27915047062515086,0.4438315312216201,11.873792712479787,0.10345078237442253,Cheating
253,0.10679734408866719,0.19014020229351397,46.06598314118845,0.012480306682611809,Genuine
254,0.10361892128666764,0.14611922429589536,50.38003569299299,0.02021311648671942,Genuine
255,0.14802381371506015,0.1681801755855614,41.45796616544769,0.004862856073871729,Genuine
256,0.15181161942464333,0.23911048398961568,26.869886557080385,0.11526175069689802,Cheating
257,0.11675237191871465,0.29475191570380577,32.101633689899366,0.05293586023971099,Suspicious
258,0.1422444125651085,0.19690517947596597,43.65734676047084,0.011088077745847125,Genuine
259,0.0669636919734139,0.14842540042272742,43.94434880586153,0.01012820472848816,Genuine
260,0.1747497213163078,0.2538425941479384,33.65086410915153,0.03699994838353081,Suspicious
261,0.2701192803180037,0.3809358454698586,17.367206457900078,0.14232797139238812,Cheating
262,0.10802823735431477,0.17056548868834545,48.541072116282784,0.022332161312635018,Genuine
263,0.1290627326782649,0.17861372495605474,41.93781312679781,0.023615035252061017,Genuine
264,0.1913764275607603,0.3575991794043566,24.767390065488776,0.09375649428182381,Cheating
265,0.17485849954244276,0.15590754772511806,31.70765055355423,0.0518568980228223,Suspicious
266,0.186394255679896,0.1986162429537021,42.594247045188204,0.032676503035709986,Suspicious
267,0.21877828802106947,0.2713597180935842,31.122636140937182,0.08550621785219024,Suspicious
268,0.0861272633648704,0.19757462520830005,50.00291159021489,0.013293797909233553,Genuine
269,0.1378493060012866,0.16249860456203144,46.44346814639928,0.022603218387712207,Genuine
270,0.17462765034117808,0.2905404136579891,39.76093232331328,0.015029360535236388,Suspicious
271,0.2321736097151261,0.16687540059821626,41.195277226049946,0.07253410273655167,Suspicious
272,0.1945420141870881,0.32124299984317906,17.260067320598452,0.09355236909133795,Cheating
273,0.24151794294885554,0.4045762372588538,34.17216122283726,0.14187051432369868,Cheating
274,0.09875663946843397,0.16372334378766418,36.58280903889525,0.011941299335038113,Genuine
275,0.12929703266194914,0.21846748470644695,38.82825564060039,0.014075357408471057,Genuine
276,0.17894376972164291,0.26400805794098037,30.142378880470122,0.0584812208892818,Suspicious
277,0.16104642611716335,0.24927738645608605,38.2777054880222,0.05012844539621876,Suspicious
278,0.16254456437893725,0.24451950980370846,34.46982224476799,0.04259977940235745,Suspicious
279,0.1696481574933159,0.32993235852523584,38.365516687647435,0.044090393639416796,Suspicious
280,0.30181726427064415,0.3266326357170793,33.21187246310649,0.11108926576594283,Cheating
281,0.10785395711991543,0.18343150777430833,37.145619239657506,0.008732325310901947,Genuine
282,0.08612149987201889,0.17428829284291122,53.66257499742546,0.04231300146192632,Genuine
283,0.12276102202881514,0.18502533424833373,35.9947113292363,0.014573262002659782,Genuine
284,0.09424432496183523,0.15137457205246654,44.15928090707605,0.015279094223028727,Genuine
285,0.07041400379248425,0.19243730768352602,39.636284871300965,0.022392468641111496,Genuine
286,0.15148165339499947,0.1424184622524073,32.348562386268355,0.01713995778119889,Genuine
287,0.13201919269997142,0.22875042362661782,38.85225202773792,0.024966992232365218,Genuine
288,0.10069379086439893,0.16682154937087595,58.221716735085174,0.004970296716048468,Genuine
289,0.11507479322989148,0.184030795152963,50.42893162469674,0.020979831534708955,Genuine
290,0.11616101079008205,0.15825054297734628,46.34563470622554,0.016568077245025896,Genuine
291,0.12243143779712101,0.15891168991869098,46.88550196951093,0.019707371863150216,Genuine
292,0.22504201003088672,0.24743031382057568,24.361805190758712,0.07523843001427984,Suspicious
293,0.09188535398274762,0.1503870098405354,42.02169352978254,0.03374438093170817,Genuine
294,0.0672865157204261,0.26413245600979984,50.28028404533026,0.022232389141291598,Genuine
295,0.10890211998767427,0.17856662224572972,47.60561214189669,0.02645215585950057,Genuine
296,0.20222417864013792,0.25447903406276245,33.81596947815604,0.046974534326929766,Suspicious
297,0.10610183439294638,0.20401310290601193,47.96778361140431,-0.009403886346642801,Genuine
298,0.20623603106119043,0.25973680973593877,34.887747461324615,0.04222963093822229,Suspicious
299,0.13248225439972028,0.19842579386368575,41.135611660881956,0.02407052287124535,Genuine
300,0.09056686530917428,0.1286114550563321,41.86641387705018,0.02862393472382759,Genuine
301,0.12906250090752175,0.1853925626029188,48.625478934239986,0.025161782871149584,Genuine
302,0.09717036809554096,0.18295767634021823,49.00204762613841,0.027542913298135744,Genuine
303,0.22755653485898572,0.2854151923600532,37.108689245249494,0.07140300476632855,Suspicious
304,0.1789391496300376,0.20590626743861412,34.021598216337416,0.03510194710387102,Suspicious
305,0.21948930350153711,0.3398836930499137,19.45306055300027,0.0907611541108288,Cheating
306,0.07212770666092429,0.17639881122118817,45.00602737681112,0.011829113689318094,Genuine
307,0.1231849133686481,0.19812710412879675,36.96220067815513,0.012372752214337857,Genuine
308,0.14923430600850807,0.20300484494455676,39.97684905159049,0.046123477224543935,Suspicious
309,0.10470970317378779,0.1098841290677974,48.17709015104613,0.007607416051465275,Genuine
310,0.11119865260532656,0.17832130813874575,51.80329297919326,0.0069117960088088785,Genuine
311,0.049609756883583496,0.17551548634261085,54.00255590755427,0.032389463529394376,Genuine
312,0.11419318830549252,0.15525091443103858,49.03561298318655,0.010264538002955313,Genuine
313,0.28858146616137315,0.38538291114166384,32.42146935249216,0.18278980116733234,Cheating
314,0.19569663868715068,0.22455181871462507,34.846554126848034,0.014618481902217637,Suspicious
315,0.15221147475643768,0.2295358780943448,31.855469612392444,0.05304709744067444,Suspicious
316,0.09355160135235599,0.20363092001973415,45.00103532459099,0.019906996788613858,Genuine
317,0.10344210566974164,0.17465572051576939,49.125491323338174,0.011328697842890997,Genuine
318,0.09683767021849486,0.16088821913670007,38.27064538263392,0.011807421402785023,Genuine
319,0.10047558252910682,0.19623167542138184,46.31280664500962,0.021935899113675446,Genuine
320,0.12701795924335946,0.1658788463480181,46.95232424964445,0.01896778247067504,Genuine
321,0.19061449397598512,0.22086206711942089,20.367097050341425,0.047314416756273917,Suspicious
322,0.23690992544399758,0.2963107701120796,40.792384907547024,0.07472261443612437,Suspicious
323,0.11177315181922876,0.1759194712221679,41.91174052282825,0.016839271439729502,Genuine
324,0.2969462689862685,0.43427191060181713,24.023876070233005,0.08649432205445766,Cheating
325,0.18002111835426388,0.28006033744645575,26.33687110319875,0.004076380937255236,Suspicious
326,0.09898926301016833,0.13337862722257526,42.45929901176345,0.018522196811825285,Genuine
327,0.16187006363907946,0.32262337672353725,36.96046858761392,0.05600948719221657,Suspicious
328,0.12244414288086804,0.13583500646657692,50.195558937101346,0.0192423571346454,Genuine
329,0.12340961234482425,0.13784428300879537,37.23120616991968,0.028178896580250287,Genuine
330,0.11752819052195033,0.1429384533692747,40.65168459362653,0.0312543478441477,Genuine
331,0.13242352428530688,0.3321336476627982,29.59627559211279,0.06276783851216766,Suspicious
332,0.10342763048502031,0.1880956229324703,42.27942998942903,0.01837207093927706,Genuine
333,0.11081838350791443,0.13993437632655584,48.70412172710063,0.01486786433528415,Genuine
334,0.10542800169319963,0.14016951876174466,32.18833170602345,0.01808972237399831,Genuine
335,0.15825230843225832,0.19353812863694073,44.903698101328025,0.017371091707917324,Genuine
336,0.2613479535687228,0.38829833806226466,16.734310292838085,0.13342965084006617,Cheating
337,0.20861525261764977,0.28590928628539675,37.630854432858364,0.0503923331538798,Suspicious
338,0.1234572247193364,0.18775442401224135,43.22979644529488,0.01426398227103099,Genuine
339,0.11203712590523973,0.21647060454485562,38.804464621730496,0.005324747342475599,Genuine
340,0.11329521682473033,0.17152663105568056,45.866708321852045,0.022439531979085003,Genuine
341,0.1055359549073039,0.21469590315806247,36.995480107617425,0.01171502975219754,Genuine
342,0.10793490479701905,0.120704335665375,44.12072797783964,0.03661470165728018,Genuine
343,0.11041772976591924,0.17692102717156052,38.6991761741371,0.013836385919605225,Genuine
344,0.10249607239352126,0.16046854709731298,51.40821897501884,0.025576910607251247,Genuine
345,0.1355416817225187,0.26232523892160026,37.98933049098071,0.07280298077042534,Suspicious
346,0.24322162746273493,0.19924529040860656,30.134854932737973,0.024848442821707676,Suspicious
347,0.10531960281786037,0.18399075123339004,49.93667258294551,0.019240489763574772,Genuine
348,0.10360304953490312,0.17455273976746222,40.824285491849885,0.040895387216947736,Genuine
349,0.11569355891527765,0.25923702894478623,47.141637315377835,0.050135996891199956,Suspicious
350,0.10619921929997012,0.1592766373156872,44.09804159118796,0.033728484746765305,Genuine
351,0.1272882853202296,0.4573403590907428,15.032299932848984,0.09200043012296756,Cheating
352,0.1628302231880535,0.279427663488536,25.411253888697516,0.059243453321638856,Suspicious
353,0.15048619246573705,0.1291047798622157,45.94853083805198,0.01338017822203391,Genuine
354,0.11851774412386072,0.17057443332247257,41.792565454778455,0.02487872284871074,Genuine
355,0.25217392439146974,0.24045481041363506,39.318547652889094,0.024134540842576727,Suspicious
356,0.09087127246363982,0.18417218833641133,52.420580142679825,0.0235561334878566,Genuine
357,0.10373883938953692,0.16997874216270065,38.74796133015141,0.026045153263553666,Genuine
358,0.31293998373940457,0.31835367670168435,21.70970496568349,0.10797634688956145,Cheating
359,0.1012656052791881,0.16801602156122533,55.49860894583258,0.017529742992540034,Genuine
360,0.10283319695957556,0.15057374583094524,48.720959857499686,0.01818775826781897,Genuine
361,0.15402507846714295,0.3160652016136506,43.517618027081824,0.0379915286852259,Suspicious
362,0.07266920097278767,0.2002254106951077,41.57685087119998,0.027906255991627688,Genuine
363,0.07059792364576328,0.1967779201489793,38.9441403535961,0.027307641190665245,Genuine
364,0.2608563840701861,0.28322424064223484,22.150745809512536,0.12058955370870103,Cheating
365,0.11211788906230469,0.18753238941417455,54.88220292257743,0.004357583882889485,Genuine
366,0.35703275449811744,0.35730491562662486,18.7085116617381,0.060090591227830316,Cheating
367,0.248652776553378,0.41451550783471214,24.10715615735726,0.14533464790742043,Cheating
368,0.08097648619896883,0.16963733156461838,38.73803277793441,0.02363631882624968,Genuine
369,0.12773774780194602,0.1573771461895684,31.97893071686433,0.021989481467964946,Genuine
370,0.11873477103467019,0.18212884264885093,51.17891095911077,0.00928946320350951,Genuine
371,0.12360432210900898,0.20577522537433926,36.10706207996742,0.023196518259189773,Genuine
372,0.09991640337984657,0.16755431980695062,46.73838241769168,0.015127714358864477,Genuine
373,0.15297167683353552,0.25170762087440124,28.476524366823185,0.028283497422296293,Suspicious
374,0.12358746565913006,0.13553617894524034,48.331562504546056,0.024625912928539512,Genuine
375,0.07548386542418806,0.14967306042993037,50.97054701523686,0.010188344688603183,Genuine
376,0.1614238295076245,0.27310304466259483,39.70034305569557,0.044969222279110085,Suspicious
377,0.09804979610616717,0.21267109585095523,53.6944983189879,0.029788580507817956,Genuine
378,0.18341272570260095,0.2095867139179537,30.01733356066061,0.06045028210531515,Suspicious
379,0.11836796441777367,0.2120479577883929,48.25225046268069,0.00496919698240182,Genuine
380,0.13103895235445837,0.14005818118056762,43.08014364023824,0.022502002062516947,Genuine
381,0.25982669959135857,0.40549592780026805,38.640338354817096,0.046336067625592246,Suspicious
382,0.201380225939222,0.29438277129369184,33.07599424665685,0.08590422711824644,Suspicious
383,0.27380424555148414,0.3848420162363976,29.66146976438123,0.11264759831843367,Cheating
384,0.21355762001878448,0.21913734067265384,31.650189476323817,0.027996915340566104,Suspicious
385,0.19758004922480904,0.2889468251756057,37.746637196911315,0.08348984866695075,Suspicious
386,0.10988807962341907,0.19006224966777538,39.541495619303426,0.01612900297525599,Genuine
387,0.12391075515131555,0.19547306332229433,43.53016526167909,0.019284007481419334,Genuine
388,0.1192850501327676,0.23214853995966953,40.34229898111872,0.06150410032213133,Suspicious
389,0.20002662885524838,0.252488684359048,35.04237895176906,0.03679357721053106,Suspicious
390,0.3019297052121521,0.3794681061072573,28.444131935949596,0.0842189547199726,Cheating
391,0.0669331416025751,0.20291458135261087,42.60581271995798,0.011372242359568794,Genuine
392,0.12386957823827988,0.15823962080242612,50.29968192023311,0.026170059495766975,Genuine
393,0.2073427729280191,0.18170221443997328,42.2716639123184,0.05522501062467712,Suspicious
394,0.10261445721507594,0.17430165402026754,36.1188238355084,0.02408652811480671,Genuine
395,0.1982377095090757,0.25531307999095254,14.343485696474762,0.13338065124969775,Cheating
396,0.22224419637843268,0.4573609396941549,21.249389758633917,0.048779261272211605,Cheating
397,0.08766951120102681,0.20707434860020818,44.22050911031666,0.014517127035093991,Genuine
398,0.1864007290341115,0.27508913680837727,41.70439289541476,0.07896998459785853,Suspicious
399,0.16560925416843655,0.1836976156958981,32.519209033260346,0.05520561013165773,Suspicious
400,0.09072482147578778,0.14128547255314872,46.718939407749424,0.019513476484295487,Genuine
401,0.2619678197246952,0.2969053265709951,23.38719500055963,0.07227300567195087,Cheating
402,0.12780396822249573,0.2010574800417126,35.76906068880953,0.0107048913980759,Genuine
403,0.12013882979639684,0.2174988032796551,34.49937218125783,0.0210070956060294,Suspicious
404,0.09156280373749373,0.13988127883755505,46.03633664699472,0.020693443370362503,Genuine
405,0.2166957467997648,0.3623774610497578,21.17323940788914,0.09185034669021841,Cheating
406,0.14346904180597075,0.21021383155371046,38.50209381536201,0.028297324178791744,Genuine
407,0.12622793108983185,0.13555210133742146,49.0938882187743,0.03537931918412553,Genuine
408,0.19264731162533516,0.2857748025290015,32.12363026790452,0.10814485932476944,Cheating
409,0.12102952550479046,0.18021767649201492,46.95347960464072,0.00673527871688917,Genuine
410,0.13094635413242897,0.20508769977283323,43.853046279659864,0.019565230501861375,Genuine
411,0.16813354984665668,0.38599783292124845,29.004402091999008,0.09813426949002067,Cheating
412,0.32746120159223013,0.3266145938314041,28.9522414812552,0.06941006983923653,Cheating
413,0.10952895698251523,0.16476937226291494,46.12653961020471,0.016304730711666413,Genuine
414,0.17474109617313327,0.2913023585720753,32.379414576570696,0.01786845798522642,Suspicious
415,0.1449916780841084,0.21144362236071462,38.538686524471906,0.026897078052451943,Genuine
416,0.09994050458897313,0.1779046164599318,46.471120645067465,0.01765592199683678,Genuine
417,0.09432468668827207,0.14928376843051222,40.41904042259379,0.011681777917695552,Genuine
418,0.1773128683980258,0.2142120005444624,39.09231239427572,0.07974492310671855,Suspicious
419,0.15679787034519826,0.26197022502676887,37.998110661817606,0.05944004541838549,Suspicious
420,0.1830382107166435,0.2871341209179861,37.893493716083945,0.025246751553454044,Suspicious
421,0.21476624257557092,0.2943645418633371,30.42028337492851,0.050758756708952045,Suspicious
422,0.12366657985622138,0.16372058541261916,50.36489023883006,0.04363872494619361,Genuine
423,0.09428027934730035,0.12856866190538677,46.51909297802438,0.027215625051261436,Genuine
424,0.10538267252310463,0.21359781989963103,38.30697100138376,0.02692918623031611,Genuine
425,0.09788278358482214,0.22158133718621892,54.962576765840595,0.01233343412216652,Genuine
426,0.0990088572818284,0.19578763660939408,43.064346751052426,0.019545887820677618,Genuine
427,0.26152330523254463,0.215622879066164,24.90313577734034,0.07930816677807478,Cheating
428,0.10013754355200456,0.21330896010406444,38.71746552860372,0.028132051867479774,Genuine
429,0.10442074139336383,0.161607194945125,48.951859480258555,0.023400512945688904,Genuine
430,0.12141225994439062,0.19904553981598586,43.34345808408339,0.013877632654922497,Genuine
431,0.13659397893768807,0.20872947350105225,52.69456655185235,0.07489359161473574,Suspicious
432,0.12595702535167913,0.1838771021628215,37.89119637031095,0.06094529594755934,Suspicious
433,0.12097767670634729,0.16235132619338907,44.3727286999855,0.023278795241593573,Genuine
434,0.11171786012586661,0.10342098881757396,43.85100184712403,0.011485935657396864,Genuine
435,0.18700845675634048,0.39926295013017055,37.20488999284583,0.043729406276552044,Suspicious
436,0.12843603003954504,0.1844806366162764,47.100472452259204,0.02606850593215671,Genuine
437,0.26226174259318163,0.1934555782337042,37.841792460868724,0.031472377400369234,Suspicious
438,0.20222050585368992,0.2040656744256953,32.49579911836949,0.044098201715241876,Suspicious
439,0.1295163343868942,0.19755363331827241,38.77141311776808,0.020549341109998488,Genuine
440,0.09580840290501655,0.13224485267973998,43.91491474787815,0.016915172115441805,Genuine
441,0.40560298918073134,0.3803071877752487,15.356677494720339,0.08305677987487174,Cheating
442,0.13042766590858798,0.23265328318609776,37.07008343881021,0.001200756148609549,Genuine
443,0.14741930350743565,0.18168842532112714,40.65853634061817,0.025346290861224353,Genuine
444,0.07457009043932489,0.25016877532985804,36.96692703705851,0.0684854027907566,Suspicious
445,0.19916624286244775,0.3559981012982351,18.52202761758289,0.10766151267022951,Cheating
446,0.20627922065821858,0.3214329412587845,18.029292236468397,0.11953408725470971,Cheating
447,0.2143380446662666,0.2382689715021293,35.22942796976017,0.02102817170732912,Suspicious
448,0.10400646703986426,0.16849386148874768,58.103965455149876,0.008880329742258363,Genuine
449,0.13928354477504876,0.19990576320397424,46.40318202245068,0.03758620484195133,Genuine
450,0.19488421890427451,0.26945795978339643,34.68127608189473,0.07447137764837256,Suspicious
451,0.13192938467621768,0.15122968137511364,38.40376402700616,0.017970193626043428,Genuine
452,0.09399922871204708,0.16809426276153935,51.187190673420695,0.015426983449132101,Genuine
453,0.2574305971213055,0.35406159143658766,30.939016175436993,0.032593319980461846,Cheating
454,0.09786599410469407,0.1763385107683842,51.00039478213431,0.015080975524937949,Genuine
455,0.07246894587916253,0.1885913433789841,41.82318805587185,0.008103333409096388,Genuine
456,0.09751309220573552,0.16446423927032452,41.97627667730894,-0.002055660570990693,Genuine
457,0.12794132393774266,0.20824625123836168,48.25760995669753,0.008623143295751834,Genuine
458,0.10597016932104963,0.16980436054311626,47.99397194780955,0.02668340488718081,Genuine
459,0.09531652402443008,0.17245986669240682,47.28640202307621,0.03455822322146766,Genuine
460,0.12409013079649446,0.19367170062126557,45.4191331396468,0.03410459145203504,Genuine
461,0.19639051183837988,0.2069456044913215,43.42021982075114,0.06395806545078056,Suspicious
462,0.1622782391548607,0.22602535163003784,36.77945327084457,0.0592636959053517,Suspicious
463,0.11394584531262412,0.17933926020328655,53.4997868728819,0.03071543152234886,Genuine
464,0.27143813547590145,0.4158917406537238,17.772332675307222,0.11193781149840427,Cheating
465,0.1461861269946622,0.1634586231382288,40.761830356904575,0.013479111114069393,Genuine
466,0.08820733925315223,0.14645714275616892,43.14745950704985,0.005944329808213579,Genuine
467,0.2609371000369762,0.4131594021650653,18.64570673897156,0.14557851770925306,Cheating
468,0.12021584177055189,0.20091741756872172,41.71082723073931,0.028545252270666156,Genuine
469,0.19448396597628123,0.4123173250585556,26.20287537855472,0.11659753659954351,Cheating
470,0.08648810788750297,0.14314790473170186,47.98614109126692,0.010516519957757993,Genuine
471,0.2877923775259474,0.2543003535477828,30.937219488666678,0.06302430055694473,Cheating
472,0.12104599875359047,0.18876892800938003,41.516140907852126,0.02582026567084727,Genuine
473,0.2756265358000134,0.3122810700665083,17.940117211466543,0.04112122924982264,Cheating
474,0.11699300094599388,0.12305591685913836,45.47672099720654,0.01736551783917751,Genuine
475,0.3007485665262917,0.32885681503570946,22.69386549557036,0.12195612112864887,Cheating
476,0.11670116058168235,0.17948467871548335,47.346337949042635,0.004644278767928943,Genuine
477,0.12513577359973965,0.18837406382040808,39.916584357117515,0.017559195263257988,Genuine
478,0.2576415627423421,0.34058522509187866,27.337019765979743,0.14294100345493552,Cheating
479,0.13163533455345658,0.1306334241970578,48.110349951530246,0.0332893331953541,Genuine
480,0.1954723408275681,0.30454902125929834,47.07362267420459,0.07047419092213963,Suspicious
481,0.18997234382566916,0.30225442370423766,35.86932699858135,0.050478060865699115,Suspicious
482,0.10297171528572535,0.21690240076496325,40.907856670289995,0.03532367724678116,Genuine
483,0.19999456494961484,0.1800346912599029,37.20589575794853,0.007999469846967519,Suspicious
484,0.12251016033662071,0.19655694448966973,42.038220221739735,0.021235476959555823,Genuine
485,0.3772494460250172,0.3145977307016644,17.587646890603796,0.14444990207387798,Cheating
486,0.1492517438106159,0.17011087015543544,50.05731517704178,0.03341475915530881,Genuine
487,0.09515031534923232,0.15544082493896397,51.15437256577368,0.036850142787085094,Genuine
488,0.2937728516104613,0.2884129952548562,38.909427781896085,0.08407087306564107,Cheating
489,0.2398917331297129,0.3739636484142735,35.87912294500342,0.12561927929656672,Cheating
490,0.11829731000723821,0.1838986559035432,45.21757334321733,0.025581395145185065,Genuine
491,0.07881759689222786,0.2351696270465101,36.447931609500685,0.02697971832760986,Suspicious
492,0.1177264663562312,0.16386586337041636,53.77737849157745,0.035730197252148564,Genuine
493,0.10068388861763675,0.16547486865299915,44.63026217195804,0.015483405238403773,Genuine
494,0.11390049968056254,0.1472515379333723,39.34692332531237,0.026227112239002686,Genuine
495,0.12259059168443621,0.14587052721020025,49.476777153812996,0.013684222708346686,Genuine
496,0.11506330476075963,0.1946103203783737,44.83193717648143,0.024547409121411345,Genuine
497,0.09967140712224856,0.1641060024971571,43.9707028455983,0.01253421653459761,Genuine
498,0.2493935502130531,0.2415967190795377,21.56192377000527,0.09145373519890988,Cheating
499,0.2446292148502772,0.3330951787890455,24.567650600979096,0.11438324554258192,Cheating
500,0.2149806829653009,0.21751173865758663,27.780794867665133,0.029159111755137943,Suspicious
501,0.10025594157610146,0.15944236046550475,41.150019669012714,0.007038833357501056,Genuine
502,0.10087758345051624,0.17544279860341916,47.97514732917782,0.014425769468916789,Genuine
503,0.16348008711426262,0.20366508455763446,34.81136497775134,0.033031427316183706,Suspicious
504,0.202925112529648,0.16070667540329442,32.842221965285226,0.056022146783834846,Suspicious
505,0.11367669032645009,0.2507910099194149,46.74900012283954,0.009959454031579898,Genuine
506,0.25427214517465563,0.22566275665734836,24.435801754922675,0.07500831828997724,Cheating
507,0.21661561102240645,0.22252298627022327,34.29940450522852,0.03728884317191193,Suspicious
508,0.3643310811111999,0.3275130063717462,37.82789930435441,0.124424552863548,Cheating
509,0.19928266909341544,0.26843665736587596,37.36278378929751,0.011446548413087801,Suspicious
510,0.16884466423396974,0.2922578985592161,34.706616899155364,0.0218962030639285,Suspicious
511,0.10895191098845061,0.22112316548766475,51.2344585776736,0.019379959906339683,Genuine
512,0.3170869566234852,0.32434450857423636,13.072898892212967,0.07226602035611338,Cheating
513,0.3537733261104919,0.33082048427194866,23.296312144374873,0.09100485411175359,Cheating
514,0.14808273179146014,0.21877876746086192,56.09390116724067,0.018409547895999488,Genuine
515,0.1159124897749419,0.12450072351737629,52.38467213059137,0.00832220448732065,Genuine
516,0.11433551127525259,0.1370809241710147,42.05566586630652,0.011627375689502997,Genuine
517,0.15568498957296728,0.22304386484255107,31.710387230449538,0.06666667823560615,Suspicious
518,0.1937082324162488,0.36543789989097064,33.52571406613891,0.08460410906459813,Cheating
519,0.09564162218504796,0.1630842612445925,50.89862604180355,0.021941076309533576,Genuine
520,0.09937571410784803,0.1845162995356412,39.48853925081788,0.02681359510442948,Genuine
521,0.11817214615403535,0.16076574586583348,40.807071007763845,0.011133190777165427,Genuine
522,0.2920890401807546,0.4360286351742343,20.53884577079844,0.11375160110654453,Cheating
523,0.09651891925591724,0.22076911346714,34.81364640277459,0.03180633166036333,Suspicious
524,0.14253974500841615,0.2166110221765557,36.75315636995824,0.04625341963187251,Suspicious
525,0.06523537533350056,0.10637899542094803,41.965674110714126,0.02457686586053552,Genuine
526,0.05504990314549531,0.1550080947154511,42.3687607174129,0.03388337778208448,Genuine
527,0.10229956376574273,0.18148966954222787,45.70628570043731,-0.0013056647980720058,Genuine
528,0.12536414433263474,0.17646189516368865,47.54134319837295,0.05926237706436327,Genuine
529,0.13495322363008472,0.4707287654832776,22.987867364197513,0.10861986713209028,Cheating
530,0.1781795101879503,0.22878818333009782,31.581002430567448,0.05659017471146019,Suspicious
531,0.16896957819969927,0.4025405417265236,22.086639165803224,0.06609791982878926,Cheating
532,0.23299922852025118,0.43800044518038006,21.252654390886438,0.11075360854628861,Cheating
533,0.09538087448569053,0.1927376554977086,48.42753869395102,0.038486088332964116,Genuine
534,0.17297744218003136,0.28343274023789533,35.588405237233665,0.07591743563726029,Suspicious
535,0.2168700567434762,0.4021503719014097,23.637118927183227,0.09807435468674508,Cheating
536,0.1836700993779349,0.26261201982133386,34.30262574126825,0.05429426366341053,Suspicious
537,0.14156236115124368,0.19956349056845657,49.34577296248448,0.015444604739761293,Genuine
538,0.09221518343543351,0.1986590167471326,49.38023396264897,0.03472670675750982,Genuine
539,0.0979203874806154,0.1631135403391896,36.80257918737283,0.016075288939391273,Genuine
540,0.31979423063476686,0.3173453234540261,29.483358566405766,0.09428490682006567,Cheating
541,0.1929622811288624,0.19261543050921665,35.511256697803404,-0.009822719418014464,Suspicious
542,0.1062620768367603,0.12108580268854581,51.02997258273408,0.02777407352764511,Genuine
543,0.19866683927864323,0.326050311357969,29.306500875050975,0.08494726395831118,Suspicious
544,0.21728766257041537,0.2381722356390527,41.813720883097666,0.02787412975176732,Suspicious
545,0.09350971676944653,0.151742308302809,42.355111459679925,0.009434423572397472,Genuine
546,0.1344616613419065,0.16223436798890506,46.7625248417844,0.014296486335863196,Genuine
547,0.10717586797805931,0.2635028679195711,23.52647014748134,0.04862731907829063,Suspicious
548,0.08263369922334379,0.22961827997692424,49.55681361087361,0.021057537912714804,Genuine
549,0.23054826710618676,0.2076842011267132,38.26087627202056,0.053996208674374276,Suspicious
550,0.1152804016266734,0.20817060500320306,48.66246051389901,0.022887236628250235,Genuine
551,0.16070675382630223,0.2827967593304375,24.14103746482993,0.10280117122829954,Cheating
552,0.08739592550652152,0.24235030026735266,52.58197027626787,0.026021183203924835,Genuine
553,0.1114407372256749,0.16363373090296546,40.24040769988882,0.020774805185188625,Genuine
554,0.27546515240856506,0.26307675971628625,27.339234920714283,0.09534222853525755,Cheating
555,0.07184384884245218,0.14418844967661495,42.93197233289178,0.0388768765734019,Genuine
556,0.12113106249067516,0.12993555292700326,47.43018144708819,0.004526960110616344,Genuine
557,0.13165382107774146,0.15586626044546364,44.531819056304144,0.0332579664754219,Genuine
558,0.12851345725663,0.18014409074435045,31.49840404192397,0.07076757702038633,Suspicious
559,0.1192261569809263,0.10839222009447155,32.29304684954601,0.06103481599821841,Suspicious
560,0.22801046998955316,0.22684193189573004,32.531440357303985,0.07307801468511495,Suspicious
561,0.0726051660060916,0.15834437674450974,45.952119449625286,0.024492187212850344,Genuine
562,0.09980386613618235,0.17103323035117526,32.55836323293505,0.013417515876661516,Genuine
563,0.11907017425108934,0.14053117897235962,45.294921107947985,0.024468725008026982,Genuine
564,0.1031490159828447,0.17511391312989713,40.18633717357694,0.017933887203039532,Genuine
565,0.12220432339178446,0.17470918882905304,42.06734365218032,0.02224216404290793,Genuine
566,0.12429219581273236,0.10850176164267566,50.79537032477949,0.01663745261318928,Genuine
567,0.1185097986648046,0.20591740770935685,38.14163151384767,0.012905589975724534,Genuine
568,0.24268707824745772,0.29513725352129,37.14455603085766,0.07429683718519622,Cheating
569,0.09888906441026267,0.17613167094808932,38.98925236961956,0.016043192882437364,Genuine
570,0.1163490652250035,0.16001418786852467,44.533065705500256,0.014706678875516292,Genuine
571,0.11942118763276932,0.2660796605669619,45.52959842988345,0.050368032615668766,Suspicious
572,0.114505282344951,0.19078168265350579,38.6533475172665,0.037025146581296055,Genuine
573,0.18809315185691208,0.33159284495445546,30.601802026856063,0.08636123845115651,Suspicious
574,0.306509329642087,0.38871280600966507,26.638171180472035,0.09254414145776653,Cheating
575,0.33203189950843237,0.35982519088936327,11.230512074889933,0.06648440614878993,Cheating
576,0.10628308495614505,0.17929996949496665,44.717057555500524,0.03218970789793663,Genuine
577,0.14293388815768254,0.3600511555553612,12.274145422289918,0.12279136886452506,Cheating
578,0.10811082571115994,0.18258829916072356,40.68058519705117,0.03279464931657751,Genuine
579,0.13083449328117702,0.18750632909035664,44.3524137656828,0.025798572852951323,Genuine
580,0.09586214864025303,0.19566666977062136,53.2474044716196,0.030706105599791863,Genuine
581,0.21622385181155546,0.37529921220911716,15.948009193689465,0.11717170933527027,Cheating
582,0.11901206825725077,0.11390550981403509,39.191080780438185,0.017168611032562328,Genuine
583,0.10398280505718348,0.13371569193743585,46.94489364676092,0.022514736089405123,Genuine
584,0.17222923472085921,0.21221042499208184,41.292242758499384,0.08310814226176591,Suspicious
585,0.10032877032306926,0.1516349924853554,47.45603832705998,0.016419706202530138,Genuine
586,0.10721205598673532,0.19218959455174014,35.45321956246354,0.03318302324852669,Genuine
587,0.11145361048658682,0.1576552056631346,44.55382922889275,0.019624293550205188,Genuine
588,0.07537597393110149,0.2148481468235971,45.206628161353095,0.02443002130447375,Genuine
589,0.12903099541148086,0.139365126273191,47.367359495176146,0.017323589091012066,Genuine
590,0.12693541550432988,0.10618317738945515,44.504528498793654,0.013971793442160384,Genuine
591,0.1972905180253662,0.27350220936841013,30.75424463106784,0.03575652271647913,Suspicious
592,0.10778669262885342,0.14310073318054378,49.209918477260636,0.01630792799552554,Genuine
593,0.051860235613567174,0.15875533830134583,39.80728089578014,0.0036872418453905466,Genuine
594,0.18575440170664564,0.3576585930283079,34.30048579773762,0.1093955342159494,Cheating
595,0.09786993223568521,0.18367712585512108,42.704548448905044,0.013053996308368555,Genuine
596,0.1338254932706806,0.16240855966241402,32.660457760643325,0.05316106979840264,Suspicious
597,0.1080675265997022,0.15752099216157925,40.27126969651609,0.026082461916849688,Genuine
598,0.0836573616010683,0.19328083741530427,39.98891490536638,0.01247564762646965,Genuine
599,0.08066429618768646,0.1549579355934309,49.87656229238989,0.025156280884439566,Genuine
600,0.1295684422405607,0.18566427637801808,39.48165085734816,0.016692107756724427,Genuine
601,0.09439601741765075,0.2099172471211712,39.01605676786844,0.02893697689389111,Genuine
602,0.1278590774021754,0.22488860605148264,42.951567036852516,0.027123221595801623,Genuine
603,0.15563303673077686,0.15147074969198912,37.324798762338204,0.0011998996609223628,Genuine
604,0.12425424057722663,0.11350549375824251,43.13840473531039,0.024373131870389607,Genuine
605,0.11370351073659828,0.18276334592552518,46.11144927900427,0.03278865813313393,Genuine
606,0.09095367238522406,0.14969014584624407,41.13670277364588,0.028301918118626104,Genuine
607,0.12800797176790127,0.18353675957955526,50.91746833444964,0.008219591326236193,Genuine
608,0.14334448223102275,0.21569715865136777,48.67810998622873,0.0378179890877106,Genuine
609,0.11373507169288904,0.2237775931868674,30.588179235908285,0.06442958647514686,Suspicious
610,0.08899718520795709,0.19272485448012458,51.85268071998357,0.026952029000839994,Genuine
611,0.19135004094646005,0.20060633295496255,29.918894203247813,0.07499237810593334,Suspicious
612,0.2111739601562133,0.2480490240311228,32.492542725404654,0.009483842537772465,Suspicious
613,0.08858295162631122,0.22734257261419172,38.597722144987664,0.021894798212210808,Genuine
614,0.32044663839171195,0.2621554132398395,26.29297332346758,0.12813746612531965,Cheating
615,0.260749959314435,0.5507882138966738,13.319805187852634,0.13176185589651637,Cheating
616,0.10654396525207072,0.19315760464510026,47.20653575849623,0.012668438028900036,Genuine
617,0.1145799278491868,0.1142629564580514,48.01623750285697,0.022981584659905258,Genuine
618,0.20554640674572408,0.30290591625435753,37.20571904125826,0.05296178839596553,Suspicious
619,0.1447572665335483,0.21438896181754746,42.120407721063984,0.07872670811411958,Suspicious
620,0.10523779127375892,0.17138008241759822,40.47692812503117,0.03172756845267445,Genuine
621,0.12330833647383557,0.22823652309391249,40.608384614101304,0.01621992100981783,Genuine
622,0.11462891845051144,0.18939468613177313,43.92166181226184,0.011270389095462996,Genuine
623,0.12762815057847143,0.19163406087636747,40.41862949718138,0.03355442801105496,Genuine
624,0.22680794836786414,0.25671482486238967,35.47758717425622,0.061081155422318144,Suspicious
625,0.09276593859487484,0.17090094437492248,34.2380822769541,0.028764556455029358,Genuine
626,0.07877013555116281,0.21510259485286998,43.34939953016775,0.01788333018068823,Genuine
627,0.15489064375661976,0.2355980563038962,43.511188070888224,0.00024382686929841357,Suspicious
628,0.13553930772176376,0.18014070443305125,38.964891760713925,0.009246876069507621,Genuine
629,0.14352786054416405,0.14163479360171807,39.233247447020204,0.031373145423647296,Genuine
630,0.19354211505143656,0.20310372117318004,36.299749852427716,0.029484946327194457,Suspicious
631,0.3260492839053563,0.4242959675411193,28.724043391753604,0.1108498318374105,Cheating
632,0.14522376249734747,0.16999058982164678,39.090629372896,0.02449473912832307,Genuine
633,0.1517209409907423,0.13955721520442443,43.19268616653007,0.024164460381014528,Genuine
634,0.10892190301988522,0.14053089258868057,50.60928928115236,0.0432004072201726,Genuine
635,0.11392262918047814,0.14287795130792,37.255197374732624,0.02257975981221181,Genuine
636,0.13207754686632517,0.18425503239486146,44.98798079540573,0.01410728348210694,Genuine
637,0.0881567273456382,0.19504253978974648,49.56885810692793,0.004542702133092668,Genuine
638,0.1417967795636137,0.18722213662682005,51.99797322572897,0.006578722515148849,Genuine
639,0.08268351689169122,0.1655309207069811,47.51392213447597,0.03796360822926964,Genuine
640,0.12412157827630263,0.162719561695639,39.86815396167054,0.0323000057271915,Genuine
641,0.0907058914849857,0.21885405664316965,43.57807675196745,0.035905820726178504,Genuine
642,0.12357862580118556,0.16589013531672625,42.403018140869364,0.016590921226539202,Genuine
643,0.11856633384750476,0.1723146948865315,42.03094295965647,0.018343685896823676,Genuine
644,0.111571540594383,0.10613797716755566,47.29084057394349,0.010202787752831932,Genuine
645,0.1908000558076553,0.23188589570225024,12.442752514924768,0.05933657490663133,Cheating
646,0.09581958084739019,0.22859777412579707,42.37060162052398,0.021777501062680314,Genuine
647,0.19601925546025314,0.2565532593107924,34.53533923564404,0.02609412472801511,Suspicious
648,0.23803710193116848,0.34035983218189425,24.904047835263885,0.029519428182272413,Suspicious
649,0.10440379315245987,0.14106386615269428,47.52982776727933,0.012717277975933871,Genuine
650,0.15330112135613205,0.2057164578303079,46.06287015316107,0.030269862633197323,Genuine
651,0.13211800848714617,0.15308157535825273,40.91891377729018,0.020781430629696476,Genuine
652,0.12723272248995887,0.17417181195960255,37.11501758904501,0.011971755560491577,Genuine
653,0.17704108545622488,0.2462167197837085,46.83525306073885,0.02228024115202004,Suspicious
654,0.1201117848367175,0.2146733932498487,56.35724872711398,0.015956025768160388,Genuine
655,0.119828589054404,0.18709281071595943,45.97740865776645,0.01901154798760694,Genuine
656,0.11871950779000091,0.09403261744340946,48.410347450313154,0.021261779036619674,Genuine
657,0.1055505020644347,0.23140586587158674,41.62532990604724,0.01596924010934969,Genuine
658,0.25966213208818933,0.20839693475750717,31.699308302380768,0.047059491531383,Suspicious
659,0.126814689642591,0.17623407522059942,38.536873264238686,0.014678314368728105,Genuine
660,0.09785291133575577,0.16768336864330866,47.129218293149144,0.02418205755887972,Genuine
661,0.1534392947570959,0.42447586912925994,26.767981921976364,0.1415359614278172,Cheating
662,0.19776793309162688,0.3050661478867881,37.799271868700764,0.07692451512405496,Suspicious
663,0.12044501272035557,0.16706254260671288,56.36217360223441,0.028890371222798923,Genuine
664,0.12147488842008826,0.13171086750384994,38.55846191268231,0.022927154821418536,Genuine
665,0.11291042395536481,0.15157632304975052,45.7049134980603,0.03588626928043596,Genuine
666,0.12390804949100598,0.13576974470741787,44.44245586428528,0.011950335191474391,Genuine
667,0.10224600167182878,0.15759153003111073,42.611772086979975,0.007448646280266051,Genuine
668,0.10744690636963619,0.1531817708945807,30.352756549988662,0.04052972024501663,Genuine
669,0.13177539308433345,0.15871097825225014,45.09409524870299,0.008283456526824383,Genuine
670,0.1439144575562173,0.22691866084319334,45.78346864123262,0.030235306441853446,Genuine
671,0.27051720673603546,0.25642921927868484,22.1172364172544,0.10395783900315872,Cheating
672,0.10090904562513112,0.16344040167694893,44.543002212454425,0.01919121502134539,Genuine
673,0.11104516980994966,0.138181848008102,41.41491925436032,0.0071541573430003065,Genuine
674,0.129556310993724,0.10683059174479027,50.767951716584626,0.03386349397262843,Genuine
675,0.24186916478104273,0.16778040385208906,22.470826066228966,0.09807447516133543,Cheating
676,0.08978803560142173,0.15454344818575272,52.65097599431676,0.02664927162301741,Genuine
677,0.091508717712438,0.12207202491213705,43.36491341195114,0.01786543220649562,Genuine
678,0.289771951241799,0.31252783012026386,28.58049702753303,0.15805462120180688,Cheating
679,0.3089300613466558,0.3466338044868459,23.717946702626936,0.08929980597460387,Cheating
680,0.22722563649808578,0.21863432770243485,35.2713362539999,0.05102395803762171,Suspicious
681,0.09996431614376936,0.128826033563477,46.61487251808834,0.019389960281446166,Genuine
682,0.1200048093887314,0.15399199080682502,51.10410649406524,0.011232262187881552,Genuine
683,0.2484816113607157,0.1626181745085869,37.60862038734135,0.05950861365053247,Suspicious
684,0.21226657592354709,0.37970757565027086,33.95663068832111,0.03349543481937807,Cheating
685,0.12005489614981629,0.0952018753900977,40.17167598238396,0.03629166364900945,Genuine
686,0.09836435933215892,0.13478360106773085,44.01031135507659,0.04067906338163552,Genuine
687,0.07336635505587948,0.13846070265081967,52.48715841589813,0.038577023435377326,Genuine
688,0.17586275102838864,0.18804736487366788,47.57506101085495,0.08188884783498393,Suspicious
689,0.12357893975524466,0.14562792953187742,44.754853295809816,0.018396399189551695,Genuine
690,0.11661702609231156,0.21353004314394008,49.39708520568701,0.009226239230152419,Genuine
691,0.13752992900039077,0.17939396420039466,48.43532897929458,0.03466540859278603,Genuine
692,0.08776839500972898,0.16892523263880613,42.342727243203925,0.004321405746345441,Genuine
693,0.1169341995520984,0.24534669654753272,35.799611277471236,0.0196771938895053,Genuine
694,0.12281085870149547,0.17369234604968545,44.434359737421296,0.007007836365541758,Genuine
695,0.18931146971760654,0.2121618011492037,21.86046977012868,0.07389184441027462,Suspicious
696,0.12916771639684085,0.17154982930553242,46.14537344102851,0.030743180127155614,Genuine
697,0.11448679313556165,0.19712052664283944,43.51258899563075,0.03311983738573947,Genuine
698,0.11641571451865368,0.17582155830817622,38.64969455643984,0.022869558543017088,Genuine
699,0.09336090165011098,0.1508515182041452,40.92312185841939,0.00933765068100775,Genuine
700,0.15249542806033922,0.2099401718596521,54.60183751072131,0.0077710498044443604,Genuine
701,0.11142507499821785,0.13119477124387713,41.52152561401468,0.010818730165834251,Genuine
702,0.13479168012883122,0.15811310965694722,50.341896668470085,0.02604120889588518,Genuine
703,0.15607277504209577,0.12561667330580828,51.296166198933996,0.031464408704007275,Genuine
704,0.09053242323945931,0.2002140000941948,46.68072481513114,0.017725237400465922,Genuine
705,0.21056387078168004,0.29966233839855694,39.348684670501484,0.10002048456872449,Cheating
706,0.1256426000306292,0.14627301854997343,41.1007352688918,0.03081984809249942,Genuine
707,0.1260169515379387,0.22923931160473643,35.20416446643339,0.05222745203680105,Suspicious
708,0.10641813429967688,0.1818745934328777,48.46427877908906,0.0273463754545933,Genuine
709,0.14056784765328692,0.23579224510356014,42.168577171261624,0.06789294375147745,Suspicious
710,0.12508562194075745,0.2675739950176101,23.13064850375114,0.050938698041207396,Suspicious
711,0.14795534033491953,0.14156321848193043,40.82838477254209,0.027640297815728597,Genuine
712,0.07914396969580709,0.15101734910344883,47.98220568790876,0.01365714152310597,Genuine
713,0.10528060025578057,0.19232557130945105,47.10773041768281,0.02266818396295402,Genuine
714,0.10321755441459923,0.18110183345806868,44.38133659950122,0.024578056099257846,Genuine
715,0.23018407849292133,0.3372201717934321,18.070295452135902,0.09894977169981292,Cheating
716,0.1475599654548462,0.19429767749190033,36.55196688713233,0.05425479551715321,Suspicious
717,0.3069724240969144,0.319821210129743,27.85636992785729,0.1165239271682099,Cheating
718,0.1188954761566319,0.14523038951593575,45.74681741135594,0.023641402960546613,Genuine
719,0.18028713867631768,0.14567611708144576,35.96293774384088,0.09425062078794486,Suspicious
720,0.23839764387458104,0.2990346031501275,27.613439917979786,0.10937134631399716,Cheating
721,0.1338547033083283,0.13226395532273338,48.65690126287496,0.025904220612514635,Genuine
722,0.10715706926118908,0.18016061953765072,50.14728740799178,0.028723153800284503,Genuine
723,0.13427922751705085,0.2910079093377742,34.61186836980489,0.05145748196031031,Suspicious
724,0.11146393982003389,0.1654927103360522,50.958537485535324,0.01916282040150788,Genuine
725,0.13521815486467326,0.23032350720151357,36.072168300862856,0.07458429568594101,Suspicious
726,0.12206189369897667,0.1444839416375887,57.425949583394456,0.022647753109779796,Genuine
727,0.23101562951996057,0.24241427832113854,38.200155468232694,0.0667893700903681,Suspicious
728,0.13436389423508513,0.20172104916134675,49.36098500036489,0.016849132688058915,Genuine
729,0.09856507916087877,0.17997822530972593,49.66564036170534,0.01777279299223393,Genuine
730,0.13130343931428773,0.2135785023645854,40.4183954046329,0.0116307929620372,Genuine
731,0.17438499764378654,0.26538063340945983,31.852597917397695,0.0770440535773429,Suspicious
732,0.19696267446073804,0.25197235241203697,26.384542856788833,0.02368368367144986,Suspicious
733,0.11562018500563613,0.10602213121535493,50.06318704822036,0.018418461556276796,Genuine
734,0.17486185939189466,0.23923748751848334,44.09275465376242,0.018936629974686852,Genuine
735,0.3197348908401218,0.46922208269426263,13.533796597947882,0.04640873603935941,Cheating
736,0.09755930388891237,0.18748212749521595,47.48436795253799,0.030697714549838502,Genuine
737,0.13201209886538767,0.13419280685155616,40.14808517181287,0.03343607454069531,Suspicious
738,0.06963024271222724,0.17435191237878145,48.96587844109339,0.01877942867878723,Genuine
739,0.10084303227635022,0.16521913303562283,43.14708618799609,0.006519528880598329,Genuine
740,0.09570638646019136,0.18563839715041444,46.6083927068825,0.021680598059668203,Genuine
741,0.09009703036293241,0.16455490513593,34.11467476778573,0.021784766638853897,Genuine
742,0.2371543083125427,0.1762933933978947,31.48443396009347,0.056582135574202594,Suspicious
743,0.13505685268854967,0.15655326151099552,41.53874835367052,0.0003107685758391675,Genuine
744,0.11206876258616214,0.23126228120431233,46.38679230982338,0.01977721020816287,Genuine
745,0.27932493864601915,0.3492235597235978,19.308899394179093,0.12469839747033117,Cheating
746,0.11451523046223509,0.17052839755800972,40.12316986360875,0.03303507931934759,Genuine
747,0.1232940549066622,0.15341237487898096,50.009124268409685,0.01502429161614793,Genuine
748,0.21307979044933778,0.2968207817763799,12.602520128383361,0.11414627141254617,Cheating
749,0.10675420486646599,0.18857780843671187,22.5464719455288,0.04827860614418214,Suspicious
750,0.10699359079456255,0.16019911360440908,39.78711152664712,0.0082776624656336,Genuine
751,0.28786219181279443,0.3114613647804058,27.214508250753013,0.07344253941627334,Cheating
752,0.18724250971084327,0.3151639018658032,38.5169948023567,0.041751723635670396,Suspicious
753,0.11514397940711854,0.16278004476409363,45.03940092347364,0.016743889478514965,Genuine
754,0.10671329588229217,0.17636280059222526,40.033206502090245,0.009841211730100217,Genuine
755,0.12445829784675155,0.1699864447748145,27.696303846677125,0.05318925013608258,Suspicious
756,0.14428849938032462,0.2756807232115548,35.20828249251537,0.010629915731238927,Suspicious
757,0.1230995116844338,0.19432395936775132,40.03068662582574,0.024201915428949915,Genuine
758,0.20861010575544808,0.35683692637238346,16.14851115131524,0.0462068064239627,Cheating
759,0.16468731241548124,0.2438135526862582,32.61392183831238,0.026319388835548813,Suspicious
760,0.10200201875737726,0.17807884257742204,44.77553484938731,0.021825010305992133,Genuine
761,0.09659769599091535,0.2051515374414848,39.119133317226094,0.024875602970867185,Genuine
762,0.13363782185919923,0.18442724278246686,43.98737886467585,0.014717029533370209,Genuine
763,0.22144350604185023,0.17885125373691635,29.179254437722136,0.04204884469016557,Suspicious
764,0.13475307515023996,0.1813930290812269,40.15977120744877,0.016896922946150965,Genuine
765,0.09771353711807411,0.14870633023299396,49.89444779278389,0.006282568707364943,Genuine
766,0.24435123422937494,0.29141148450923116,41.54517002362219,0.040741209759494836,Suspicious
767,0.25100355685525344,0.24967937298327014,21.327363150532378,0.11480964542929453,Cheating
768,0.13592126123562792,0.13678529549592647,43.17247031507367,0.018487007797674777,Genuine
769,0.12416843191230059,0.27956746208792,30.656058009544346,0.04609219297645952,Suspicious
770,0.10096101256176244,0.1463198448284098,44.96477507259723,0.017843904214319778,Genuine
771,0.16512568470885336,0.21357691891598285,36.91714802469773,0.0830723453698457,Suspicious
772,0.11279774465678255,0.1998835464473339,38.048890374232684,0.021577614392937695,Genuine
773,0.08805263362057866,0.12569225217404298,41.30314296270482,0.03191899334413573,Genuine
774,0.2180006331467858,0.26215023610272,25.803796640660416,0.04607438697224127,Suspicious
775,0.11603400017803471,0.17526608688735795,35.78103208259627,0.011096821519801282,Genuine
776,0.10871844471702567,0.1860887272855157,34.01936089450027,0.018378760245201416,Genuine
777,0.18572195079515808,0.2924805994258107,39.15714550542462,0.061651426376176106,Suspicious
778,0.14800237973192262,0.1545998931438346,32.64168345763159,0.0700326365041712,Suspicious
779,0.23573818110097725,0.28552745511488925,37.576044936810405,0.05759279296771931,Suspicious
780,0.15775525012956876,0.243496985322319,45.01441715495798,0.031148839884162477,Suspicious
781,0.14229557581419702,0.16033915536523827,51.62716054547539,0.005931849905024617,Genuine
782,0.12171808402329298,0.14789689592157135,37.923664040379066,0.022185340424109457,Genuine
783,0.13018943577191938,0.1446517568421951,37.504920197707996,0.01908155235665045,Genuine
784,0.10825129342445639,0.18644958882663498,49.74797285682244,0.01940584818727506,Genuine
785,0.3713301988876558,0.3656964321174704,22.575014457951703,0.05165297922691517,Cheating
786,0.10474680959367665,0.15990839163766593,49.80152398140735,0.02462483624066854,Genuine
787,0.08641261756734765,0.17516763159233115,48.357655858645266,0.03528031359387833,Genuine
788,0.1277500793482812,0.19282539962934434,45.300429973075815,0.023883120054234496,Genuine
789,0.33497029404236955,0.2567055821764245,22.553924709481308,0.07682293753731279,Cheating
790,0.11758306237452248,0.20690666526952364,42.01512856639463,-0.0039030436746943786,Genuine
791,0.1017555850995106,0.1974042119605222,47.6881495147494,0.02428186247810576,Genuine
792,0.10440013396251041,0.13162907791340642,47.57647160812234,0.011657181899653753,Genuine
793,0.2673638693352183,0.2785253604177258,31.516110184676293,0.03777229505222744,Suspicious
794,0.10814111586772823,0.1628149423393475,50.58416887764977,0.021864161697440463,Genuine
795,0.21610209566548833,0.48233084796090475,25.34515832064156,0.12306519027906691,Cheating
796,0.22350640955331447,0.3754180939421166,27.177769938002367,0.04331052123711542,Cheating
797,0.1503055022092128,0.20871933382767643,43.01402341927006,0.008977302595441446,Genuine
798,0.19390246455214208,0.2543348849707198,37.13401369137938,0.0538315479238818,Suspicious
799,0.2903744593583556,0.45131139895742645,28.976722435900523,0.06851033503270176,Cheating
800,0.23450251410849807,0.33203072817441437,53.912340407072506,0.027530119335208044,Suspicious
801,0.1148576402630055,0.10753703890433039,47.765745781896044,0.014517997018332274,Genuine
802,0.14846891589649908,0.14676155089944257,36.554084810163694,0.015287362592974803,Genuine
803,0.1009804891513145,0.2875549727253655,22.609501722462078,0.05056915162366318,Suspicious
804,0.06844376360287607,0.16039106586390076,53.21689077902267,0.02360647891435795,Genuine
805,0.14546025580140265,0.2484398255530458,35.10810123226668,0.059452606916868114,Suspicious
806,0.17798849820315044,0.39147970916931313,6.069258578780573,0.0811034634290857,Cheating
807,0.23070356945290732,0.39433287782498666,25.158415968738083,0.05783310838431141,Cheating
808,0.0903001374836597,0.1759604002864222,44.604663290677216,0.014208758903642536,Genuine
809,0.10038332420976041,0.19088503991477868,42.41153713565393,0.01911908755970927,Genuine
810,0.39019619528483257,0.25034221541812535,12.03710087897739,0.12350768994395821,Cheating
811,0.15285427754823586,0.234088123612869,30.313061731213317,0.04480399718464975,Suspicious
812,0.14197076224192684,0.1940638537585436,49.311117559434884,0.005837729442073544,Genuine
813,0.19093077580682785,0.1512644938360201,19.33433425242072,0.12870109559156975,Cheating
814,0.29101679094490224,0.3344940715933513,24.84389801397363,0.07933343372273784,Cheating
815,0.11409517764803569,0.19297634838441846,36.920566062947636,0.02299647687837348,Genuine
816,0.12864869741909335,0.15754699133109892,48.50350306060292,0.048146544444725534,Genuine
817,0.10791314414026217,0.1817992115001597,41.309714581693044,0.021812511626020506,Genuine
818,0.11920543249964607,0.17584527020810414,39.90152340145572,0.022063617713254508,Genuine
819,0.13924391877435274,0.18345907293543584,49.80993594535921,0.017629880299873724,Genuine
820,0.20999600957694842,0.2639633919108263,29.29453562187661,0.056370420095977494,Suspicious
821,0.09016606673119379,0.15101359175345624,45.94664153646187,0.02297244273380124,Genuine
822,0.08621535069845741,0.20161957313548629,47.86003139150237,0.012952715643891163,Genuine
823,0.07924830407101649,0.16565286262755707,42.7702814306942,0.021131404570530227,Genuine
824,0.10273766677688867,0.10977629417764972,43.05826530849421,0.01694380888931687,Genuine
825,0.29801966148644354,0.3011260227772265,36.75072271360796,0.0426507834804473,Cheating
826,0.13622334995605248,0.16327043087365686,49.29792436171778,0.020798014840587332,Genuine
827,0.1327911107205094,0.15837914106341566,39.50689787411094,0.03420504287271063,Genuine
828,0.17546077416471434,0.2610779236812105,42.40851148426877,0.029360895158111303,Suspicious
829,0.12190981795278515,0.1523031573061133,44.33915322177814,0.020722789653842888,Genuine
830,0.07999556277106128,0.14663488871538696,51.7553644620657,0.028861911885847955,Genuine
831,0.1087472084534553,0.1772937037553868,43.528787471817715,0.033565833858279825,Genuine
832,0.10599294844411672,0.17695526276404544,50.73015072071033,0.012226285151540934,Genuine
833,0.14117578368993788,0.12408615770769871,53.14821065556399,0.016273244160480253,Genuine
834,0.10514602504349436,0.11329969486451172,42.72602641311153,0.009601934689731157,Genuine
835,0.09784707309253055,0.16588067102633364,49.78895807236453,0.02207603351400626,Genuine
836,0.27846059920406685,0.2733136427808106,18.83472137278089,0.15396175055053934,Cheating
837,0.09529597930473507,0.2196862475617189,43.78469400559567,0.020022879361435042,Genuine
838,0.1314073032045986,0.2081567726581597,44.44593719860456,0.016117569464784612,Genuine
839,0.17776318205911146,0.2668978764116059,40.347822121218535,0.050084597179883034,Suspicious
840,0.12237772596046308,0.21915079196812823,46.906548061323925,0.023116528560047783,Genuine
841,0.11924356699639728,0.11846349315854682,37.33025437538101,0.04810351537438256,Suspicious
842,0.09970434650170516,0.17730590612559036,44.69798135401546,0.031277802506338985,Genuine
843,0.2651666520955387,0.29771537004508825,31.931163672715023,0.09348606775161393,Cheating
844,0.12053073367344615,0.155677678814216,41.750865572512815,0.020841682301856963,Genuine
845,0.1102565728708737,0.184394811061005,43.65677123345129,0.001636402162296026,Genuine
846,0.10134452232823223,0.19381455401431447,43.51311960378447,0.01753616597485452,Genuine
847,0.31918259035435625,0.3001618740918754,14.200377472299703,0.09518106641423517,Cheating
848,0.10031652097502526,0.1410126104074024,44.123107720506546,0.024915056472467837,Genuine
849,0.10981422876864369,0.17920943218058716,54.06703849257711,0.01657121138442436,Genuine
850,0.1155669726928934,0.154723599122026,40.76820140056513,0.014150923465822302,Genuine
851,0.16084965713913246,0.26797378987735626,49.094454720204546,0.035679131274483196,Suspicious
852,0.10166749388769075,0.16810630960666256,46.97899424354873,0.02263550811954785,Genuine
853,0.33704574763688705,0.18015255506253539,8.29149090863029,0.08512365483969553,Cheating
854,0.13194600375087417,0.12303055905183213,29.961838301531216,0.025711794062192088,Genuine
855,0.11487314447405429,0.1372937477960171,40.07230199639535,0.010302562803653256,Genuine
856,0.1122107063494788,0.15121054171450982,47.4703195948776,-0.008546266629043911,Genuine
857,0.09286296269744401,0.1362183811726685,43.718296608137535,0.014619522415098615,Genuine
858,0.12595687559791532,0.11421989685019829,45.22745738165376,0.025583364232117056,Genuine
859,0.1471329487312391,0.15554702086719577,46.62229302176259,0.0019613720743763517,Genuine
860,0.08432175182747904,0.29223871878908503,34.96663823811158,0.07357025379596846,Suspicious
861,0.08253194222060502,0.18559706418586258,54.34408920271927,0.02419705608357266,Genuine
862,0.11553163011182098,0.17025668242473052,37.14559271437044,0.03355572935710348,Genuine
863,0.09778284720389868,0.1851344976914905,37.18482846714373,0.008205403354922196,Genuine
864,0.1387017479844447,0.15958093133126472,52.266377380212724,0.019217693409414822,Genuine
865,0.07316204454084285,0.19676202799195164,42.050538411221964,0.026986888135170434,Genuine
866,0.11050421735080164,0.1237064531617139,45.821473826852845,0.041962231421527996,Genuine
867,0.11985972917028918,0.16827446740983612,50.376717009784485,0.022106684652031108,Genuine
868,0.27257205381576766,0.2735862379488628,26.63693618052719,0.13106330249250836,Cheating
869,0.20983627087399853,0.4497147074872863,24.35805783098412,0.07336691465384379,Cheating
870,0.12995264153840488,0.16139617292785194,48.79757443743054,0.01708241367741463,Genuine
871,0.10880347712940193,0.18480680613002876,46.45448528795003,4.4682195482613485e-05,Genuine
872,0.13515025039622433,0.2964704992395408,34.207180466590714,0.03952537394457157,Suspicious
873,0.08282851969485051,0.13760791036172457,34.89100680019026,0.018987192812984673,Genuine
874,0.09803124838837907,0.14100236327044055,44.65938287416024,0.02363970630852738,Genuine
875,0.15186395864419888,0.1246434974131036,50.79690521650261,0.02973101561015072,Genuine
876,0.14883629042493196,0.26016179772930154,32.25420050397431,0.05371377160837478,Suspicious
877,0.24036524053618202,0.28028031163156564,38.05165023940065,0.04139381360090716,Suspicious
878,0.0803188667015133,0.16374595368378778,51.03304077431957,0.004728321434103525,Genuine
879,0.0888982126364661,0.17378803208702207,40.07672607576369,0.012074765528847875,Genuine
880,0.10152802836543645,0.12903147787429553,40.12939076891816,0.02703427916787309,Genuine
881,0.12770520871076144,0.17010639327525812,31.219850122796633,0.06463911005019692,Suspicious
882,0.10606156384006221,0.15606256765653145,45.22179398757804,0.0025429256714034794,Genuine
883,0.11989411307550064,0.18150305094210933,42.953457629521395,0.030059245117964165,Genuine
884,0.13490015604187844,0.30639544966267845,35.92696199357151,0.043268948202436534,Suspicious
885,0.10960252729263377,0.16678205702567175,51.101414482088586,0.009233208725289866,Genuine
886,0.14949923043413607,0.301815144603624,31.426790388896844,0.06801066154663184,Suspicious
887,0.14398871966017418,0.157946149191751,48.406811632876526,0.008463077186601416,Genuine
888,0.12509466596135618,0.17598271957960301,47.365191410801074,0.01354427927964605,Genuine
889,0.07677833168865655,0.18509756194248517,34.682984237602724,0.016826495077574652,Genuine
890,0.21764727465679878,0.2595948867936518,46.69005586873888,0.07050218305163547,Suspicious
891,0.22076609670046543,0.3519119365896007,24.668405082188947,0.05253469709961619,Cheating
892,0.14238404334062588,0.221961954651007,22.78267698286438,0.05094986936503286,Suspicious
893,0.10501856310693919,0.1198131829606528,47.02106432638666,0.027158727446909597,Genuine
894,0.18908137915459555,0.2337965912395515,38.54865291051113,0.06360440720953382,Suspicious
895,0.11614807139439377,0.14526163248695717,46.3830038275559,0.03195480650825479,Genuine
896,0.0980674188277654,0.23293818017397294,42.37184533007308,0.020324070133401363,Genuine
897,0.21965086423961983,0.36562895851441823,12.804448151553075,0.08361874603549838,Cheating
898,0.08815757599302866,0.17406015043676873,49.97223687754454,0.026460061871145517,Genuine
899,0.06256681278282215,0.23126208958783642,46.47639970310434,0.012235008595069997,Genuine
900,0.11314255837981882,0.1752856946750808,41.66575641524218,0.021979166673420755,Genuine
901,0.09785055424759385,0.15786914021929932,41.568604321224576,0.005673287102603473,Genuine
902,0.11291672940430768,0.18755898309549016,47.57441798038186,0.028199252526352345,Genuine
903,0.11648680420029736,0.1540182350534929,49.198319322155946,0.006424824601580651,Genuine
904,0.0919865723497504,0.14107399785730268,50.400280295696554,0.029427885141400757,Genuine
905,0.2892383142226997,0.4250350905648258,18.845020523116084,0.11045785359582942,Cheating
906,0.17499302286467341,0.2923441051942457,34.308654604686815,0.04230114223179838,Suspicious
907,0.12081817037121981,0.196285075015737,41.65827402576599,0.01938924328647624,Genuine
908,0.08883118732716694,0.09505816947521183,46.002298157068644,0.02608905356254632,Genuine
909,0.11524133618173452,0.111513148467369,43.245752849617624,-0.002183477600510811,Genuine
910,0.1373940221530837,0.13741836253645742,51.27701804729948,0.02945869643684146,Genuine
911,0.09198819294927876,0.13601645146196767,46.75185108193169,0.01155675962816929,Genuine
912,0.1840993856863283,0.22585862045965407,24.3130495132062,0.005390639617510823,Suspicious
913,0.11453368496989194,0.15315326761008125,42.23455091542934,0.026958638390937855,Genuine
914,0.1334688455326489,0.16182365835914575,43.29700646545069,0.025001430331138837,Genuine
915,0.0828612886060085,0.17669459164243093,47.75942985911077,0.02680230208417629,Genuine
916,0.0712649459499507,0.1471593419057318,40.608683735882664,0.02099886954409213,Genuine
917,0.28884467478607906,0.45476972852121866,21.53524163742349,0.08507282505072358,Cheating
918,0.2259868807551499,0.26482884692651526,42.60590906712784,0.05577456006019673,Suspicious
919,0.08685766762573457,0.13000614935666582,37.242438754705354,0.02662051834758473,Genuine
920,0.3313158093852205,0.47945534989704663,30.90173732626268,0.13488515732604958,Cheating
921,0.09839967334692631,0.13530752549768432,49.250396662087766,0.024176807522394008,Genuine
922,0.26644666246045356,0.37711600364430925,27.26229837720744,0.13851450579560684,Cheating
923,0.23179942339267823,0.27721101761701733,40.074817235377566,0.06028125104849552,Suspicious
924,0.10077660535930762,0.1926969402473942,38.027524655703694,0.030538915522958832,Genuine
925,0.0861095412046793,0.178574098603842,40.77423020786921,0.02553388983074427,Genuine
926,0.10932149548144182,0.12215732125510004,47.103498155092396,0.014220792231672896,Genuine
927,0.12762293441626738,0.17003977066203224,46.97710492694019,0.010424310449847882,Genuine
928,0.1564267107429055,0.22706806819494577,40.140214881455336,0.08354754175610979,Suspicious
929,0.09389656496514248,0.2023054443397304,34.15161291137149,0.008058105989077106,Genuine
930,0.0908244308762645,0.12942473931677834,37.0820580510621,0.024129989121377975,Genuine
931,0.17143729209088554,0.26897026988025546,39.14283611672908,0.055312339863450674,Suspicious
932,0.29946579056902245,0.3451327399630411,16.691046281859787,0.13173442542462388,Cheating
933,0.09821775734437746,0.14193211103712725,44.11041062097801,0.01087189080703487,Genuine
934,0.10165139236021135,0.18032161764690402,46.74170869623063,0.011021699335743707,Genuine
935,0.1002458925410251,0.20222999014310733,47.482000588669706,0.04075065039348542,Genuine
936,0.13360256347483054,0.2043287920567982,38.06065724772099,0.027638603516334227,Genuine
937,0.25681359189818537,0.3114312737523225,26.1761073837277,0.1283563460383445,Cheating
938,0.12001663182008424,0.1436457859597382,48.7122945679631,0.013624124579240362,Genuine
939,0.11433366237928573,0.16089949797568598,43.90566874132187,0.027662429750405094,Genuine
940,0.08919612560368204,0.228355852228308,35.89456965352752,0.014023323167451428,Genuine
941,0.11740423779883483,0.1875294249930593,44.49762139714147,0.019426092969984578,Genuine
942,0.19642200341310465,0.23844652612711598,43.359087547609434,0.06678698228463205,Suspicious
943,0.21491297404022539,0.20169216383147914,34.52366945356578,0.043990681025585926,Suspicious
944,0.0898879724862107,0.18080492551837302,42.31177121110092,0.02655403829850237,Genuine
945,0.08859616874211337,0.22157121838525465,40.518336707039694,0.02219302337200436,Genuine
946,0.12583718620776135,0.15288078709399663,49.262343217164755,0.007708164021995837,Genuine
947,0.34712706195095366,0.3509904485476031,20.82512014421784,0.09102454682717698,Cheating
948,0.3085351561635632,0.30908812957046927,19.754496174040558,0.09335390207248787,Cheating
949,0.08646075774460063,0.22461631723825448,42.16802704392639,0.028316167861804034,Genuine
950,0.1883788033459109,0.20077329747590159,34.964271744723625,0.06568005558621497,Suspicious
951,0.17246954659654773,0.3096556472925514,41.12909235669118,0.06837829709316659,Suspicious
952,0.10080686455454006,0.1376047265665554,41.93206197318603,0.021962409406667206,Genuine
953,0.29274720281194133,0.19799000166676864,24.943207588717748,0.10474267675969554,Cheating
954,0.10444911487368896,0.2087382151704764,47.10890037125436,0.03310191908080897,Genuine
955,0.10568078959299536,0.19812432477520775,53.17533197263759,0.03311693449272661,Genuine
956,0.08815716813142534,0.1623897176737286,43.274176472751016,0.024892545350763275,Genuine
957,0.12372707110029066,0.14483321977922792,45.33919256958469,-0.00019927332156136415,Genuine
958,0.1388389001160378,0.15462877277969922,45.279319699222484,0.016903502860119386,Genuine
959,0.22584110300053659,0.10812467793013106,34.900337946044544,0.04788362485004605,Suspicious
960,0.10092727224816635,0.22178679636906898,40.563352705721144,0.027717961772356612,Genuine
961,0.19425011154824334,0.3130759626267758,30.99686549133497,0.035340622017524824,Suspicious
962,0.13192139814954798,0.18275963924990332,37.27531326661621,0.014606949855367295,Genuine
963,0.11772765307696122,0.1951329266463977,41.60384673403522,-0.009142559898169412,Genuine
964,0.12046446371474066,0.13339037930168074,34.913306009387945,-0.008323259249841407,Genuine
965,0.12627961720395484,0.173858523512149,43.87171809643874,0.033890243629627614,Genuine
966,0.2054929873209229,0.3308150021360958,26.64358716699802,0.049308987520920736,Suspicious
967,0.07766573250103972,0.163118530044336,43.756920731166616,0.02626613637263071,Genuine
968,0.11091127762283796,0.18870221414839747,48.517200665694475,0.04154928677383142,Genuine
969,0.10369406689427751,0.14176931898000864,46.23041807658204,0.011977199728604565,Genuine
970,0.23927843073746144,0.23583909805273837,31.606541792756058,0.040573685576977644,Suspicious
971,0.30310504540829847,0.33895771117379603,20.508332259087325,0.14996055752870593,Cheating
972,0.14575320637352998,0.25177830370164966,38.913836909661384,0.01737329779165854,Suspicious
973,0.1196052100281185,0.13834676973558652,49.11391390417001,0.010373489880810237,Genuine
974,0.12385538063697721,0.2031749919888414,49.30718262816403,0.022513166482381025,Genuine
975,0.10537398114140602,0.1527074127099547,52.35517345408552,0.01300504779832357,Genuine
976,0.08925867852860007,0.18996106805098492,41.019315984067525,0.010499365025338728,Genuine
977,0.0811279147566047,0.15551270481618448,44.586424880517534,0.02243091727660699,Genuine
978,0.12902612488598966,0.1858069377099738,44.0456389022341,0.0180180432362028,Genuine
979,0.12020314937830368,0.2081771048878571,45.631570997416,0.015308691457895911,Genuine
980,0.09014267997828909,0.12664384206763324,48.33134836021762,0.025779785236395573,Genuine
981,0.20309454100426647,0.2435670276823972,43.441608475350506,0.04031763010830365,Suspicious
982,0.12910538474414412,0.16883771315031373,41.95824617660331,0.025925303073177614,Genuine
983,0.11819272237367988,0.1807091827780078,45.406392110281,0.019621069182831692,Genuine
984,0.27553487971481755,0.30921283225980867,39.33696136991307,0.052235983164067766,Suspicious
985,0.1301431440119334,0.18553984329174356,45.131023763870175,0.01696435674734085,Genuine
986,0.17676330649349248,0.09147871320609721,36.26360503578585,0.04023047839779281,Suspicious
987,0.14185339996565768,0.17058032212435265,39.05518290232519,0.019501198458718824,Genuine
988,0.08907757829874992,0.184202222471374,46.45473682169742,0.029578396311082677,Genuine
989,0.14836472833221737,0.2517004048114073,26.80986922744019,0.06402989563849429,Suspicious
990,0.20075484721760486,0.27479025105137855,35.00971418814164,0.058295457815775824,Suspicious
991,0.24417356433234383,0.2357452871478993,35.83187110226051,0.028277474016371807,Suspicious
992,0.09263478076803336,0.17293439879279923,50.519667733509536,0.017437191757484274,Genuine
993,0.10528166941375752,0.15779344266486878,42.32621664577839,0.022949714557088215,Genuine
994,0.0800548470964271,0.20842818730000184,41.672888509352696,0.027219034854381416,Genuine
995,0.08460002805212248,0.19006520391638657,48.359723039072485,0.023842020720058966,Genuine
996,0.20033428869201247,0.3674683732718654,16.718606706859276,0.09241710234711445,Cheating
997,0.13058826201910653,0.19390105781212227,45.075914712702165,0.01025193424077158,Genuine
998,0.2987352627304516,0.35135668663886177,8.757790812387036,0.12347889478949554,Cheating
999,0.10951534332260615,0.2060735374394922,39.52364740578598,-0.01176703813196001,Genuine
