sample_id,mouse_speed,click_rate,idle_time,movement_variance,label
0,1.0355402001866507,3,1.3323278206449494,0.3833922154548904,Genuine
1,2.575508047537062,5,6.644427328698879,1.0623063061489333,Cheating
2,1.7086315348781496,1,2.723251424179691,0.3837886919183475,Suspicious
3,1.2106305706665808,4,1.7672749087979733,0.38865174125690544,Genuine
4,0.718968015527108,0,2.2505166717586724,0.3222133771633713,Genuine
5,0.9042502756673045,0,1.8694863733766023,0.31349847208196885,Genuine
6,1.0825140793288246,1,1.0351577018429214,0.38677650241708883,Genuine
7,2.4698193232371297,2,6.123425983913136,1.3196441125196055,Cheating
8,1.3930846199598512,6,5.40934744018558,0.4254738745257978,Suspicious
9,1.9174631767921415,1,2.993884106916504,0.3898176084343626,Suspicious
10,0.6132643397784879,1,1.3963020841768128,0.28342769468533846,Genuine
11,1.8046490941895232,8,6.433752965861727,1.7365900419732683,Cheating
12,1.3449040062994737,1,3.4690030449981824,0.4725225745386964,Suspicious
13,1.2378033062215104,0,1.8133003658117153,0.18264297929878748,Genuine
14,1.159181300969495,0,2.5242654692538,0.24477769557190288,Genuine
15,1.1265863635511022,0,3.178688182516354,0.3937838301566644,Genuine
16,0.8319779842833324,1,2.0823489137185702,0.3543499102789342,Genuine
17,1.2167219307810941,1,1.1257265075212368,0.17426596995711552,Genuine
18,1.176820167311836,1,1.5246581042973366,0.36947610308465395,Genuine
19,0.7878346408331808,0,1.991788551963624,0.4188393273448084,Genuine
20,2.6107729703494487,4,3.4691312270796795,0.6480045475370092,Suspicious
21,1.0611108640754516,3,2.2512083160935137,0.3857445931717406,Genuine
22,1.2017041649557163,1,2.7658444006204577,0.2629676631402703,Genuine
23,0.8332882025441466,1,2.209126277393,0.34004120292384366,Genuine
24,0.9548572704861333,0,2.001707375589205,0.3191099068019903,Genuine
25,1.6185746192624597,4,4.266580546694937,0.5197240485335547,Suspicious
26,1.1076044709593686,0,2.0239770251415528,0.36078965097165394,Genuine
27,1.0373218246312716,0,2.087772914945254,0.3408512348377426,Genuine
28,0.9627255211273816,1,1.797667088346477,0.11900410990192939,Genuine
29,1.193002992212646,1,2.1835511333940336,0.24741946126870432,Genuine
30,1.5475846372004016,5,1.964759759374496,0.35402612435183706,Suspicious
31,0.9644519357025189,2,2.1219003568855994,0.24359213692632714,Genuine
32,0.7439391202658211,1,2.4362286641400726,0.3650201177958661,Genuine
33,2.24049448173237,7,4.122690863714334,1.4331293812219779,Cheating
34,2.2507092929644585,8,7.675943747382192,1.37476053024626,Cheating
35,1.7965618268077992,2,3.32360769794073,0.9601880865821631,Suspicious
36,0.9919684098711313,0,1.284612448940976,0.14085953525037115,Genuine
37,1.1129402125072312,1,1.8615505801018108,0.2974610953615513,Genuine
38,1.530786048521233,5,3.3118403098997273,0.595164604580374,Suspicious
39,0.8857990560720853,0,1.9981987304547157,0.1841635310807457,Genuine
40,1.30067966035343,1,2.438681145287836,0.32083828079475524,Genuine
41,0.5916530263151418,0,1.8654069341593056,0.2913861554516636,Genuine
42,0.9641976065765029,0,1.6340614571848915,0.4797686526849523,Genuine
43,2.6845057167602056,3,8.099033154879002,1.2773901048738305,Cheating
44,1.0119260739840348,3,1.676531611147213,0.4049552715319335,Genuine
45,1.385905915375773,2,3.8020468734316695,0.8634556453462372,Suspicious
46,1.0802687254049579,1,3.0912535120885436,0.1968423753129842,Genuine
47,0.8941403524907561,2,2.8637715850503556,0.3436323669674032,Genuine
48,1.00760069563364,0,2.0600156633591307,0.2497744283805876,Genuine
49,1.0423189940760786,0,1.8713117312883274,0.13314159261224104,Genuine
50,2.539533873563167,5,6.970793909554112,1.0673355455679916,Cheating
51,2.018839321044862,6,4.800498241765973,0.6358549208853368,Suspicious
52,2.619715935688075,6,4.119287649310115,0.9923337787025664,Cheating
53,3.0036374115556184,6,6.561420083365959,0.9739465668609425,Cheating
54,1.1614586249622167,0,1.3771169704501505,0.25322987986881085,Genuine
55,2.5079023290384295,4,2.8572637159800216,1.0762521676738606,Cheating
56,0.9481499114839549,0,2.6168434606880178,0.4500759790634311,Genuine
57,1.1700443484226986,0,2.423539504992517,0.42225009148868803,Genuine
58,1.2429018570610697,3,1.9552386948760472,0.2673119220320348,Genuine
59,0.8898103771069146,0,2.36381477181849,0.30519458858072995,Genuine
60,1.1465280154431159,0,1.9596417099457089,0.2411236463793204,Genuine
61,1.0018583505061824,0,2.4581638373512407,0.33464884758979924,Genuine
62,1.999204043943861,2,1.1037446218063107,0.4123064179588303,Suspicious
63,1.1288536319018603,2,1.6881155196520974,0.4914031353866786,Genuine
64,0.9618635198473307,4,2.1087164365898614,0.39629655291141297,Genuine
65,1.0615241510902105,1,2.098782995086191,0.34492284349197455,Genuine
66,0.7846678983644668,1,2.3342039804711825,0.22283716775831214,Genuine
67,1.7186513278704703,2,3.9358616534070077,0.665752482060696,Suspicious
68,1.0642714430900546,2,2.2109603771176425,0.13152146051795377,Genuine
69,1.7397666483558663,8,4.355587369657197,0.5679847352217118,Cheating
70,2.237802025289989,2,3.153038651681672,0.3413709352707684,Suspicious
71,0.8798052073993278,0,2.8210075800681844,0.40098170893426344,Genuine
72,0.8623699309644552,1,3.1262179026721544,0.05005942851264267,Genuine
73,2.516377029036297,0,2.8432557749480516,0.29344082954753087,Suspicious
74,2.1781538758331735,6,2.175930126107063,0.751785717957353,Suspicious
75,1.7124765695877504,2,3.8111033122155247,0.7106146552880959,Suspicious
76,1.5865253892365137,2,3.0496518168982654,0.6359788302306957,Suspicious
77,1.2784004572689198,0,2.757258781294791,0.3773083189177527,Genuine
78,0.8793352869556575,0,1.2065941422024555,0.3550052099024552,Genuine
79,0.8063311090272729,0,2.9233132504152364,0.3222282717458284,Genuine
80,2.3962857241993074,5,4.594157926749266,1.1415883999739826,Cheating
81,1.6556861634579614,4,2.5973947282003067,0.9499153486373879,Suspicious
82,0.751227352921743,1,1.6535474011020463,0.2705050321707972,Genuine
83,1.2495484145347469,1,1.5823264733701214,0.5145149127773389,Genuine
84,0.7624803161940974,2,2.154910355113514,0.4224584437626143,Genuine
85,1.324679312459809,1,2.7297468016917605,0.13146890612380593,Genuine
86,1.725753397621939,2,3.997916202579816,0.9355401628152882,Suspicious
87,1.3785647033168023,3,4.5689830791852755,0.9256793246257076,Suspicious
88,2.0725233554075078,3,5.694629459846458,0.8052167364801979,Cheating
89,0.7552119466475486,0,1.6204797763956758,0.3033458770992302,Genuine
90,0.8756363398987217,2,2.3506865324196116,0.10062643574285443,Genuine
91,1.749622627939029,6,4.09643371879349,0.4638225435921836,Suspicious
92,1.2037230445449187,2,4.6294135848867874,0.45289401148204667,Suspicious
93,1.2472186350420875,3,1.4538436176637104,0.26835915503051977,Genuine
94,2.0852390799916733,2,4.141716913639905,0.4945061352772287,Suspicious
95,1.072335317084731,3,1.464702830882199,0.2110253898213431,Genuine
96,0.8591424583617622,2,1.8805596260667012,0.18966333938261262,Genuine
97,0.5694218814095033,1,1.9969645442300534,0.38384907744516417,Genuine
98,1.016365871709513,1,1.9505551734044286,0.3267392314071903,Genuine
99,1.0643395612392028,1,1.9125201216522956,0.2244254840507155,Genuine
100,1.1073019687140806,0,1.5507660091044815,0.3050535815594006,Genuine
101,1.6681988940161725,4,5.390207549017314,0.7115620612703725,Suspicious
102,1.002070523968676,1,1.3440818838249202,0.23904877978407169,Genuine
103,0.9626057394029108,0,2.25387883515575,0.30539884184457927,Genuine
104,1.2185546555034696,4,5.030205718211343,1.4592252497031093,Cheating
105,1.2437523703394633,0,1.6556666225185284,0.29373430437975556,Genuine
106,0.8872701945147314,0,1.794534421850408,0.238659733645906,Genuine
107,1.4790121254047488,1,4.160573981049865,0.6006092040306829,Suspicious
108,1.08738763394927,0,2.5953231373931707,0.3499526985095408,Genuine
109,1.4577364137595343,1,1.9357462595720971,0.3989369438282131,Genuine
110,0.8985784211734783,1,1.4144790729120729,0.3878643509726043,Genuine
111,1.1524396801584422,0,1.7117447996366404,0.04089577078550899,Genuine
112,1.9722533310485102,2,6.58770600810382,0.7017681300873422,Cheating
113,1.5876244011377505,3,2.806940045089764,0.5919822974686892,Suspicious
114,2.067287088726746,3,3.1370946612495016,0.6569779785144397,Suspicious
115,2.4242563173397706,7,5.867486011486357,1.276404880895949,Cheating
116,2.1642272020020634,3,5.214479133907346,0.36174197214243875,Suspicious
117,1.0125370793773747,2,1.8173392243439457,0.3184680305864908,Genuine
118,1.491724226282182,4,4.542578942234023,1.084763057832038,Cheating
119,0.8584294646513634,1,2.3035655503918093,0.4311158886318105,Genuine
120,1.0989643950538017,3,3.4975375130893833,0.4833284055545303,Suspicious
121,2.3231551641362196,9,6.835231261162497,0.9368889524316862,Cheating
122,0.8810447490888675,1,1.3593511632615725,0.35794425728672613,Genuine
123,1.0295398650453553,0,1.889373188207114,0.27231867001110793,Genuine
124,1.0614813395618201,0,2.4078686062696484,0.33041261706698094,Genuine
125,1.0531796959627697,2,1.8756544369082264,0.4607345576019993,Genuine
126,1.7963899806553005,3,4.734877786049817,0.6799375903505283,Suspicious
127,1.9091858637249024,8,8.717062542997471,1.1870646570704912,Cheating
128,1.065730432074642,1,2.4501143294576178,0.2749531961008089,Genuine
129,0.9960753028379051,0,1.8954883713569874,0.21494795457906996,Genuine
130,0.8838953100390554,2,2.294289202210305,0.24853584507818527,Genuine
131,0.77795532269808,2,1.6075508434588799,0.3648280433843859,Genuine
132,0.9758103702784436,0,2.209766221953514,0.2545810441688484,Genuine
133,0.8359312350938608,2,2.8634819256167026,0.26003638143853974,Genuine
134,2.4348108354511315,3,7.398886247809635,0.5423031056289715,Cheating
135,1.2525168206854365,1,1.7240709270537766,0.5558199285668253,Genuine
136,0.8871504802685223,1,2.0922756515985186,0.5061503576636398,Genuine
137,2.083346492237257,5,3.8298153774750716,0.509354390134545,Suspicious
138,1.139277489491343,2,2.4776526042852556,0.25682042113597936,Genuine
139,1.7683745274009959,3,6.2847717543186965,1.1730274198579216,Cheating
140,3.4170834702017787,6,4.384964746162305,0.8533451734641178,Cheating
141,0.7760765133421977,0,1.7361115678770305,0.3771438991915824,Genuine
142,0.6208070317385421,1,2.085149181081197,0.40329639471528056,Genuine
143,0.9610109583142084,1,1.9039444736392799,0.43904997812407465,Genuine
144,0.777717397573113,0,1.9741779224174576,0.29724850949493636,Genuine
145,1.3544503193339488,1,1.6988939698191097,0.34687742560750234,Genuine
146,1.2006458243246834,3,4.301791899819466,0.5799691847040094,Suspicious
147,0.9592652499646068,0,2.177511227210758,0.27788869047114984,Genuine
148,0.8319437138685741,1,1.5385849051365834,0.2473921967788041,Genuine
149,0.9971960923484823,0,0.7878798698635292,0.388404539636105,Genuine
150,2.74210633825546,5,5.57800866432268,0.5312362429340372,Cheating
151,0.894189464530741,2,1.4448002413519896,0.3567055517388103,Genuine
152,0.7333685378692689,2,3.2073954993293157,0.22654084232019506,Genuine
153,0.8379495125971238,2,1.8522293799267255,0.3152315513576624,Genuine
154,2.527689234299304,3,8.717257218890275,0.8654859342838354,Cheating
155,1.4020018578600002,1,1.6446199482254107,0.3073770107886886,Genuine
156,2.158890569023505,1,4.057013136371051,0.47430302722079065,Suspicious
157,1.840990883775793,1,5.161933813456097,0.44632701053718554,Suspicious
158,0.7107743934879676,3,2.0474968756781524,0.331747193473109,Genuine
159,1.5872326021426553,1,3.938956574530004,0.452828310135433,Suspicious
160,1.0166694141986485,1,2.440642390716384,0.40383887557346115,Genuine
161,1.8021696372866798,4,4.919228934575203,0.46637118289220114,Suspicious
162,2.349319110487018,4,5.0800480657146485,0.7965146927255554,Suspicious
163,1.1312721739657097,0,1.8326123339467295,0.2596351536758003,Genuine
164,0.8089754841301294,1,2.2117995327967304,0.3024219456672758,Genuine
165,2.164888222166172,5,3.812855734995451,0.7971459991359726,Suspicious
166,1.2374772103129503,2,3.294781821009307,0.21946281729496558,Genuine
167,1.1192884679121342,3,1.848169238063002,0.10447235736898988,Genuine
168,0.9669201963712977,0,2.6529849586635943,0.4296994546561109,Genuine
169,0.9954263875402236,0,2.2729085872810075,0.21601191034892642,Genuine
170,1.3738860894403673,4,3.5892913408975833,0.7996621796295921,Suspicious
171,0.9136759374563903,2,2.1862173234911064,0.22099336748647216,Genuine
172,1.2389348288656044,0,1.4393096809626076,0.3283287871546142,Genuine
173,0.9482190052591846,0,1.7454023797572682,0.3777531240814944,Genuine
174,2.1503464692735825,2,5.0125460010538365,0.702781569931783,Suspicious
175,1.0359163563879197,3,2.2049093284642565,0.27587423453814575,Genuine
176,1.8690294804810925,1,5.899881934895216,0.8214161338573945,Suspicious
177,0.9759237672092803,1,1.7323359070230386,0.2909466717695839,Genuine
178,2.4991881983414084,6,6.2857495196686,1.266598826065288,Cheating
179,0.8946489134690019,0,2.1836436567006703,0.48381836767951225,Genuine
180,0.9553068035256296,0,1.8253416019409012,0.11147999479788825,Genuine
181,0.9407465112982236,1,2.525055298054457,0.21360487785791937,Genuine
182,2.5569877774840974,4,7.348703570531238,1.0210156489339544,Cheating
183,2.997126981564914,3,7.462796444673645,1.1503282509819535,Cheating
184,1.0379163233197486,1,2.5005230462835706,0.2345924316872576,Genuine
185,0.8677468412574173,6,2.9855811228320004,0.7565740487162693,Suspicious
186,1.2138008056683778,6,4.030161572535125,0.4754701276531096,Suspicious
187,1.0389214910474485,0,1.7802056444841132,0.07922490836174309,Genuine
188,0.9559610745984085,0,0.9660726367820038,0.14952796259689977,Genuine
189,1.1520111927379206,0,1.8975324810933774,0.3006868254939037,Genuine
190,1.216895916614614,1,1.711234953246223,0.337735070276323,Genuine
191,2.1917061266410194,3,6.15531620795909,0.351334233724662,Cheating
192,2.2888651965403595,5,7.6142194689600196,1.2494047801189763,Cheating
193,1.5274086681683217,6,3.5169389483165605,0.6293586023971098,Suspicious
194,1.3224441256510848,0,2.448419657932766,0.21677061168818273,Genuine
195,0.5581696761822598,1,2.760699248915961,0.25090625501286346,Genuine
196,1.80476963641171,4,3.8316917660379306,0.7416428846513115,Suspicious
197,2.4399296787581006,5,4.2844106890190075,1.032567911732957,Cheating
198,2.280062005613323,3,5.687824714091191,1.04795691759922,Cheating
199,1.1889299436296168,5,2.8063631682435197,0.7838308347220003,Suspicious
200,2.0002329272171915,6,3.329379790923355,0.2328684734275926,Suspicious
201,1.2342491578643087,2,1.4545167848924008,0.25891857120454154,Genuine
202,0.7788590663028129,1,1.8925394848556323,0.4310308746119608,Genuine
203,3.1374102864739735,3,7.447277449646187,1.4846748470644695,Cheating
204,1.1062604512480312,3,3.4075357408471056,0.5052321305858167,Suspicious
205,0.9971095458243442,2,1.4509272609845767,0.26381886607674326,Genuine
206,0.6392437156443643,1,1.822506357943356,0.29065659290830004,Genuine
207,1.6915929700244314,6,2.4291238479315007,0.3746465062180389,Suspicious
208,0.7612149987201889,1,2.0714715473818535,0.3638051101440757,Genuine
209,1.1001688949888915,1,1.6061081240458805,0.23791524017488838,Genuine
210,0.9663712362830421,0,1.7639547111514364,0.30611156093673875,Genuine
211,1.7975807487974884,2,6.0740826697499735,0.4161230816827153,Suspicious
212,0.5878849909014681,5,3.713995778119889,0.5069379086439894,Suspicious
213,0.9788103291391729,1,2.1268698307472866,0.3467693171765433,Genuine
214,2.034314529975739,2,4.097983153470896,0.46690291706195686,Suspicious
215,1.1746338861386931,2,2.1885501969510934,0.29707371863150217,Genuine
216,1.2252100501544336,1,1.974303138205757,0.2094267699137381,Genuine
217,1.338493464540472,4,5.193956259988278,0.5326204348833018,Suspicious
218,1.7658794114923548,2,5.491919646345273,0.5610183439294638,Suspicious
219,2.053508038746826,2,3.8647456746063074,0.8007133120366571,Suspicious
220,2.5332977617141204,1,4.192282674399041,0.9914127281083283,Suspicious
221,0.9517171179159588,2,1.514171632729357,0.16203818352110694,Genuine
222,0.8746565550820069,0,2.4311967361913793,0.24643866615745882,Genuine
223,1.1713234209251355,0,2.3625478934239985,0.35161782871149583,Genuine
224,0.8717036809554095,3,2.2159612723369704,0.3351448207541583,Genuine
225,1.2140300476632855,0,1.5898793352756493,0.2975972141919396,Genuine
226,1.3158400164648103,2,3.5511623955118603,0.4319155999138643,Cheating
227,1.0426587414745878,0,2.727510611381582,0.3003084126825027,Genuine
228,2.1924737152247666,3,6.1237690489847845,1.2618757560312361,Cheating
229,1.348037898112635,5,4.078896096598509,0.6046277446196335,Suspicious
230,0.9388325208644465,3,5.203112646430805,1.0374977658748412,Suspicious
231,0.7419271030914327,1,1.4473233412236042,0.378218260795576,Genuine
232,1.1686745244314118,2,2.2797245379975184,0.3392415967178767,Genuine
233,0.8982072748585003,0,1.0833294177467836,0.297191613440702,Genuine
234,1.0670477374139897,0,1.5262539325131128,0.21775800676177992,Genuine
235,2.048412266929789,0,3.3738099677784334,0.6030757962744211,Suspicious
236,1.1910192758882951,0,1.483565385706473,0.38250982646676346,Genuine
237,0.8265739568578199,0,1.8635123000400824,0.22224609601550221,Genuine
238,1.8914739188867664,5,3.511803002767753,0.586890478643799,Suspicious
239,1.3963383612800058,1,2.261121840624005,0.2183596013898958,Genuine
240,2.4149041632756383,7,6.102555943965392,1.1223775052542857,Cheating
241,2.2250145281850404,5,7.852682732922792,0.9039724057166829,Cheating
242,2.0620027041068494,7,6.723786073242887,1.3823775625880543,Cheating
243,1.1620124608105382,0,1.405294053566336,0.46426729532559635,Genuine
244,0.8198758530704262,1,2.3191959628041916,0.24558859978858072,Genuine
245,2.2023242563566234,4,3.7120213646498166,0.6598553214739351,Cheating
246,0.956392824360356,1,0.6805957498700501,0.2922627608667227,Genuine
247,2.3090115359565733,9,5.6434573129655385,1.0576704292585692,Cheating
248,2.888512069482485,3,4.886655719712548,1.296600750807401,Cheating
249,1.489132541064817,6,3.5986440322852267,0.7514508925659262,Cheating
250,0.9793490479701905,1,1.1784055944229164,0.3020886488295962,Genuine
251,1.0461401811437367,1,1.36991761741371,0.23836385919605224,Genuine
252,2.074882171805638,7,5.523427354865649,0.7567427466368986,Cheating
253,0.7484844282170767,1,2.493667258294551,0.29240489763574773,Genuine
254,0.9360304953490313,0,2.07587899612437,0.1910919883852195,Genuine
255,0.9688357051341794,2,3.01180310961482,0.30067998445599975,Genuine
256,2.185976578999103,4,5.463831865784359,0.9397752509341407,Cheating
257,1.107143068074067,1,4.447861747751793,0.6742188102627844,Suspicious
258,1.0095922891963094,0,2.1659219316292577,0.5024309623286852,Genuine
259,0.7273651990814378,0,2.081372207423198,0.30413790525858475,Genuine
260,1.8194833071940129,7,3.4188539545499834,0.40770232606889245,Suspicious
261,2.79851139456762,6,4.124388399045424,1.18135459790661,Cheating
262,1.1764666124646819,1,1.7739548335834598,0.25632802639594043,Genuine
263,0.9867734770748355,1,1.8208299239893888,0.23524581943648407,Genuine
264,2.746515182899962,4,5.728163740172845,1.0742535749728612,Cheating
265,1.6601621752704656,4,2.0298961822881645,0.7785194676598618,Suspicious
266,1.1155312282876877,2,4.730764119066524,0.29474580065555755,Suspicious
267,1.6130302309634248,0,3.5929636870732193,0.7372636913913402,Suspicious
268,1.0211788906230468,1,2.292206490236242,0.4617212574968624,Genuine
269,1.0208711875046426,0,2.3896369436970817,0.27094248969026374,Genuine
270,2.16442036042369,2,3.5945899923862217,0.34952131111737617,Suspicious
271,1.7454527530499873,3,1.3957861433728658,0.6397896293592988,Suspicious
272,2.5620431310401055,7,6.606442132442546,0.8487460506976986,Cheating
273,2.251086396139012,2,7.035355200570409,0.23248948502286937,Cheating
274,0.853697319220734,0,1.4884022443408527,0.36793732829565035,Genuine
275,0.7702411929682688,2,1.468851422416813,0.18017166142528418,Genuine
276,1.9454386636986363,3,4.579643229322647,0.891946375007588,Suspicious
277,0.9119589796208727,2,3.1695555934434347,0.7045028210531514,Suspicious
278,1.7673592883554736,1,5.40159859294643,0.7300900185072279,Suspicious
279,0.9987678792960728,3,5.995667489783965,1.221983711201072,Suspicious
280,2.6640338354817095,10,5.725205071919418,0.6102650067096799,Cheating
281,0.7555576382654157,4,1.9972019905854768,0.36687416555925123,Genuine
282,0.7816598247721371,2,1.8064501487627995,0.29397110086083883,Genuine
283,1.090959033928476,0,2.445191581759893,0.3575205016106566,Genuine
284,1.1001331442762419,0,2.02488684359048,0.4819223183299721,Genuine
285,1.007987279442938,1,2.1218185235137605,0.43867580661311534,Genuine
286,0.8007216621665866,1,1.8600634569169892,0.18828586731234892,Genuine
287,0.7975810228404846,3,2.555789328565984,0.493470599843339,Genuine
288,1.0139493697682098,0,1.6801177362779334,0.19706284918179284,Genuine
289,0.7294659428312931,1,1.6853683031536058,0.4533727709916499,Genuine
290,0.8928397073895404,1,1.1463210212035266,0.28441018220633324,Genuine
291,0.8903425407018798,3,1.8201156771054572,0.16739523139179616,Genuine
292,1.4346139355506897,2,4.260280506582886,0.3343370097069898,Suspicious
293,1.015494743747446,1,2.7567989873263894,0.2386639187481717,Genuine
294,0.8714485394102884,0,2.8507605352103673,0.15034707449099208,Genuine
295,0.8699952131186204,0,1.1262734576524673,0.28719582937253885,Genuine
296,1.9793785399446142,2,2.7140452262851738,0.4906639830825469,Suspicious
297,0.9456689779347893,2,2.5949556986205837,0.40136757405438633,Genuine
298,0.9700082122267905,4,4.9260623778119665,0.7102952550479047,Suspicious
299,1.0681178432800993,0,2.8321585490623176,0.3724723857894259,Genuine
300,0.8270868545443397,0,2.8476942292259815,0.14688924974442777,Genuine
301,1.102850951203567,2,1.807308336237392,0.34204524772475586,Genuine
302,0.8271217858171638,2,1.92953604286119,0.25632357627617824,Genuine
303,0.9573691597045283,1,5.749583904205421,0.8762908157380973,Suspicious
304,1.0830949219577526,2,4.689707805245194,0.671836609838416,Suspicious
305,2.640765045845079,1,4.952092746605919,0.7388448682456934,Cheating
306,1.341002829441406,2,1.8495983438915355,0.34996851103029336,Genuine
307,1.0944004541838548,2,2.7085102064908133,0.3681339503185609,Genuine
308,1.6617346748257642,1,5.71193719581703,0.6307663832156514,Suspicious
309,1.1532934736223193,1,2.405172507768155,0.2730358374703139,Genuine
310,1.2213929532605283,1,2.320593331205535,0.3830709850496089,Genuine
311,0.796535218440519,1,2.269162011198463,0.31842479139441027,Genuine
312,0.9041897885276492,0,1.1132478330251936,0.30253884205424103,Genuine
313,1.1481961062814061,3,5.260315766400342,1.4330896010406442,Cheating
314,1.0973972422882974,1,4.813205186747977,0.7580743792103423,Suspicious
315,1.7360205178275563,3,2.914849473442202,0.43491789400420894,Suspicious
316,1.589818885061745,0,2.622339790368393,0.404896994259117,Genuine
317,0.9066393762614942,1,1.42723089100054,0.16366273752788416,Genuine
318,1.1415272847416975,1,2.0045190932561536,0.4064876739290238,Genuine
319,0.5719468242444041,1,2.2088368492418935,0.3846997087689458,Genuine
320,1.0349635537617556,1,2.0823275776792847,0.1896976544529502,Genuine
321,1.7436080610223756,3,4.112104946824517,0.9489278346517362,Suspicious
322,1.487592141091366,1,4.424966116247545,0.6211498958888706,Suspicious
323,0.6945560155057251,1,1.9269565892341602,0.2407073466951978,Genuine
324,1.8578082917499463,8,4.9522668064144595,0.20927567829493665,Cheating
325,1.6013502026388644,3,3.0745753739404127,0.6510767511348634,Suspicious
326,0.8209307355273952,1,1.7959495804198897,0.38584511166566654,Genuine
327,1.5061517720170345,2,3.954299768903221,0.4470016102487745,Suspicious
328,1.4057257848539746,1,2.4792382638023773,0.42444980760210577,Genuine
329,1.0264041845235115,2,2.5482346169054417,0.23743227125037875,Genuine
330,0.7361505610802466,2,1.8985096813021713,0.2815415336754684,Genuine
331,1.3207217867633565,3,3.7242978070791337,0.7881392287645365,Suspicious
332,1.0992329811195873,0,2.022133986674557,0.23932997052347033,Genuine
333,1.0422567384558945,1,1.061723646979063,0.3619711445966136,Genuine
334,0.8729275222348741,1,1.4051666704548194,0.23952553354617873,Genuine
335,0.5588867885801861,2,1.895522922387993,0.5110135582085623,Genuine
336,2.461120391878885,7,8.269513899005982,1.322274170183398,Cheating
337,2.210474526944665,2,4.296575545140762,0.692636959053517,Suspicious
338,1.0394584531262412,2,2.1556543367214425,0.48646250568230787,Genuine
339,1.2219859191760671,0,2.904653174866555,0.2781954104607626,Genuine
340,0.830473214276183,0,1.6739555557034698,0.22419146733128004,Genuine
341,0.8625231375818599,2,1.5461219099265398,0.45192839236417687,Genuine
342,1.102158417705519,1,2.5152902928120286,0.19080660996046866,Genuine
343,1.1780495001673017,2,1.591299551546325,0.2390432171164017,Genuine
344,0.7973368328804549,1,2.3505931630351866,0.4044513986243461,Genuine
345,1.8148713710503044,3,3.0505756732742357,0.8869469959328689,Suspicious
346,1.4159694983466007,1,3.933612382410028,0.5334725363298082,Suspicious
347,1.098308424175462,1,1.3823280914269975,0.4164665208501572,Genuine
348,1.1341481891900407,3,1.8538701190491151,0.2292706619364038,Genuine
349,1.6501461263060677,2,4.756788679986982,0.7224937588027205,Suspicious
350,0.7966633742847006,0,1.8779597631628993,0.4214797056894385,Genuine
351,1.94145881853982,4,6.933104985459073,1.3986799958606229,Cheating
352,1.754723408275681,7,5.0909804251859665,0.4363142668115997,Suspicious
353,1.3064735449356233,0,2.3518208078965874,0.31591589453321056,Genuine
354,0.9587038029646305,1,2.2802406994024675,0.4118457644847877,Genuine
355,1.8197262578232916,2,5.954157433750286,0.4988506591476126,Suspicious
356,0.7882184825886799,1,2.7408317012312993,0.4962587190530795,Genuine
357,1.0007391343695695,2,2.2020508275045043,0.19780258896092034,Genuine
358,1.5763998793565182,5,6.560239904102584,1.1569237012007183,Cheating
359,1.2661734360734336,4,0.7352199611528485,0.2703392540930202,Genuine
360,1.0482643869833561,0,1.4244929581902466,0.31511104372848076,Genuine
361,1.9061105753459042,2,3.9260524343916074,0.5096681047680754,Suspicious
362,1.0390049968056254,3,1.620858965556205,0.36295295842218106,Genuine
363,0.8391368480680015,0,2.1443269654037422,0.30747762679219687,Genuine
364,3.0154979354188822,2,5.819829535182945,0.9382421707358979,Cheating
365,0.8506843306919523,0,1.6701988657403835,0.22951315461845095,Genuine
366,1.2620613009638917,2,5.653634619477667,0.9814707400419613,Cheating
367,2.5876649108516383,4,5.427713791212641,0.8259569045491673,Cheating
368,1.2738509594843752,0,1.4307163134751901,0.35950294658355647,Genuine
369,0.8885153893783357,0,2.440591671521003,0.26197584440697963,Genuine
370,0.6163800798992415,2,1.9249478892072476,0.3183834516322504,Genuine
371,1.5386067327960995,0,1.286810538859296,0.37813622223625104,Genuine
372,0.8306707502267275,1,1.987671359634253,0.18141394528697968,Genuine
373,0.6712174330632759,6,3.7211166058492435,0.7690315942368643,Suspicious
374,0.9902205633051789,1,1.2974050765982126,0.42468917155347197,Genuine
375,0.9875991981267936,0,1.863438823796544,0.405443165497326,Genuine
376,1.3895350585810045,2,2.0357074777643867,0.9808273179146014,Suspicious
377,1.3251917830724127,1,2.1478122443735477,0.14833574505792085,Genuine
378,2.19077377044731,2,2.8322204487320652,0.4182699408517123,Suspicious
379,0.8569903634066749,0,1.7258656025374615,0.3833333911780307,Genuine
380,0.779027441387496,1,2.1102707135069334,0.2282081109252398,Genuine
381,1.5077901499278998,4,3.3176090057141048,0.46463415672259767,Suspicious
382,1.4557408351735233,1,4.538919185143735,0.6592369609462027,Suspicious
383,2.525130174294297,5,7.2436947410041705,0.991800419768172,Cheating
384,1.3375216180446228,4,3.267107114272774,0.05049903145495305,Suspicious
385,1.400107929539348,5,4.141257140087463,0.17388670403855983,Suspicious
386,1.1536414433263475,1,2.107698252728144,0.09158870605014113,Genuine
387,1.3449393299522217,1,1.977243877349379,0.2575763666601956,Genuine
388,1.3720668287044966,2,4.329508735573009,0.8442471320133921,Suspicious
389,1.4051367909417176,2,3.2690437242845265,0.7515843699847239,Suspicious
390,2.711304643274122,3,8.772913249944617,1.0294202618616834,Cheating
391,1.2591743563726028,1,1.9026513519416592,0.2935811822891502,Genuine
392,1.0183504968896746,1,2.126120198213339,0.45781180575621844,Genuine
393,1.9941798742460874,5,4.876046792529794,0.8945341351501963,Suspicious
394,0.8792038748061541,1,1.8852256723198264,0.3996570510579447,Genuine
395,2.020102772463081,4,4.356898645486146,1.0895175539698914,Cheating
396,2.266881059427574,10,6.727318022298197,0.7153250437525489,Cheating
397,1.3494726395831116,1,2.567810073591472,0.18937064875883658,Genuine
398,1.2701943353889307,2,3.3914102767602996,0.6458628256869294,Suspicious
399,2.2850670851354278,2,2.6316849611671893,0.9974551998461616,Suspicious
400,1.1822725444349445,0,2.05287689563574,0.38521788848080185,Genuine
401,3.0508738530885586,7,6.700074351007773,1.1519100932578763,Cheating
402,1.035443757014337,1,1.5439729489230467,0.3148910075846372,Genuine
403,1.3282236308273148,1,4.423341948608575,1.016153180807838,Suspicious
404,0.6511338561443485,3,2.29112223878188,0.29340253791091897,Genuine
405,2.5703933332007924,2,5.379591699867533,1.5663062972020572,Cheating
406,1.1113106249067517,0,1.3322592154500543,0.11344548989218775,Genuine
407,1.205730875891178,2,1.356418215707875,0.16028818148870086,Genuine
408,1.949840404192397,3,7.557568276528975,0.8646523424773004,Cheating
409,1.110348159982184,1,1.7942866964419988,0.4153900734255747,Genuine
410,0.6260516600609158,1,1.8057396124084955,0.31904238899250575,Genuine
411,2.5695312327710202,3,6.680263068831701,0.7053117897235961,Cheating
412,2.3353905329537583,3,6.670308751204047,1.1830648508767667,Cheating
413,1.031394592193687,1,2.357304895318309,0.09500587214225217,Genuine
414,2.063629625982359,3,3.663745261318928,0.542290260824859,Suspicious
415,0.8432492957751143,1,1.7222266102565666,0.32043890316029766,Genuine
416,0.7595700947847822,0,1.8021596441218681,0.18001402778204015,Genuine
417,0.941548956911232,2,2.8774665358236207,0.3018401630783438,Genuine
418,1.6901056468990199,5,4.6927227551168595,0.7550310988069566,Suspicious
419,1.8212160343409436,4,4.732234507132653,0.5573215562785703,Suspicious
420,1.8618706469929254,3,3.5267349531669514,0.5548686593563863,Suspicious
421,1.5657567642115016,1,5.507633558913684,0.4615695575846219,Suspicious
422,1.2616023831323555,2,1.4105916798876015,0.2293107432012651,Genuine
423,1.1711111318041425,1,2.8247404471619606,0.40706105599791864,Genuine
424,0.8540795060385181,1,2.1807086586365516,0.17068584562413522,Genuine
425,1.1144780622351351,0,0.8759285566039183,0.4261318101850046,Genuine
426,0.9344352947314606,1,1.8307530178538514,0.2159529064314069,Genuine
427,2.165152627691009,2,5.274657774230194,0.8163499248535537,Cheating
428,1.0982415330823994,2,1.820985310126507,0.3083481125519851,Genuine
429,0.8960049823184957,1,1.9087909322302306,0.30310759668750137,Genuine
430,0.8646658393503972,0,2.502296454563245,0.12687986965550743,Genuine
431,2.1979752909812946,4,3.758250361106553,0.7560140594782128,Suspicious
432,1.3479125787209572,4,4.0699292671406395,0.5778669262885341,Suspicious
433,0.8206715545369584,0,2.338679760843211,0.2224965810576276,Genuine
434,0.9978124325967609,1,1.671257531016828,0.3673132020689712,Genuine
435,0.6518990079736752,4,3.5409096897810084,0.46107992616737103,Suspicious
436,0.7691274663534031,1,1.1240855966241403,0.290337632998511,Genuine
437,1.4336132288210566,3,2.997782981073275,0.44951295252939294,Suspicious
438,1.0132859237537293,5,3.4985978531143633,0.44396017417650746,Suspicious
439,1.266114980807808,1,2.4464769350543847,0.4829620201716087,Genuine
440,0.9180626814741005,1,2.356161079790081,0.146495975246764,Genuine
441,1.1719939796553416,9,4.571525428891805,0.7969014584624406,Cheating
442,0.8454681109458352,1,2.415095905931305,0.39003985883950637,Genuine
443,1.0902450638637016,0,2.450811688029682,0.46884421557461314,Genuine
444,2.2493052741944806,4,4.9173151613587756,0.38997185207957086,Suspicious
445,2.754497089602491,3,6.425626535492252,0.7036379977297753,Cheating
446,1.791889420324781,4,7.874428357945,0.9443147596246237,Cheating
447,1.4713175128714266,0,2.9291475813155614,0.9822838174279447,Suspicious
448,0.7439088857995066,0,2.0947399106105404,0.321911060003441,Genuine
449,1.0154289571766253,0,2.092355237390542,0.3937915537510655,Genuine
450,1.6049997287629003,1,6.868403055666768,0.2662801482243609,Suspicious
451,1.2117457059767758,2,1.5011627136296757,0.4036646829419256,Genuine
452,1.3803118510227341,3,2.12240968694727,0.2884346431451769,Genuine
453,2.4515539564274547,0,4.678397495008062,0.7863337709052847,Cheating
454,1.2373469240354662,1,2.7181677028529894,0.20953856250062336,Genuine
455,1.234551369053489,2,1.6199052755189567,0.3287133354122986,Genuine
456,1.3070297440015097,1,1.671522411800795,0.17024903600177693,Genuine
457,0.8484287607988248,0,2.585099354598302,0.31342964972477927,Genuine
458,1.0159195724752073,1,2.2770288855579537,0.08476164553908194,Genuine
459,1.1752911291005872,1,1.834939953016775,0.2788333018068823,Genuine
460,0.8744532187830989,0,1.8559805630389619,0.2968487675576977,Genuine
461,1.709896761098538,6,5.676393027208203,0.4108986240114537,Suspicious
462,1.1386597957616162,2,5.137314542364729,0.9464098582736163,Suspicious
463,1.1405763597190244,3,2.3725152814564,0.44394457151531364,Genuine
464,2.024270635302946,5,3.39283254068192,1.7664058977706347,Cheating
465,0.8715610694931457,1,2.5902454389864804,0.5278401986529228,Genuine
466,1.1314729926779141,1,1.364795628010285,0.4970864270717799,Genuine
467,2.2883187805537415,7,5.2212640158094645,1.6492022121737069,Cheating
468,1.119747803198628,1,1.5398807351118113,0.26258197240098163,Genuine
469,2.2066605832868986,8,5.22090544226081,0.8977276367961761,Cheating
470,1.0856633384750476,1,2.0385782481088586,0.30785770297191495,Genuine
471,1.0227595433511125,6,5.680005301036096,1.2879870023301236,Cheating
472,1.31669545544992,1,1.441110579881515,0.31725267829230896,Genuine
473,2.6065177934889903,6,5.580284486434491,0.7106386615269427,Cheating
474,1.101193110691173,0,1.6358638987966936,0.3080791629721979,Genuine
475,1.8913669036311926,6,7.292454186746916,1.0417181195960252,Cheating
476,0.6846007035618005,0,1.5985877780245787,0.2778311420000933,Genuine
477,0.7701256779568254,1,2.601238873826504,0.3317146984710475,Genuine
478,2.272483244378587,8,4.753093839071534,1.1307926168500138,Cheating
479,0.4935507829560629,2,2.689581294098749,0.2916619855561534,Genuine
480,1.3640362808536977,2,4.844283228097417,0.4899769434126922,Suspicious
481,1.5411898306276601,3,3.3926455667877886,0.5845557909553909,Suspicious
482,1.0851687317259657,1,2.209102877943986,0.32525688459966234,Genuine
483,2.1538128190375625,7,4.573744421004413,0.34473911669233276,Suspicious
484,0.7423384765072925,0,2.1463577410709265,0.4400399794795282,Genuine
485,2.6325348223676235,3,4.175511250807352,0.9369499276624296,Cheating
486,0.8965633832387863,1,1.7259168220153769,0.32861947590480217,Genuine
487,0.5003012824257098,1,1.9011154776471928,0.31891112166039404,Genuine
488,1.8633965870862652,6,6.0141977910340225,1.0525860336801771,Cheating
489,1.4979647366744415,5,5.862900663736328,0.9757364506403616,Cheating
490,1.0104516980994966,0,1.4696974668016995,0.33191602900919903,Genuine
491,1.6524083048314793,2,5.1535903433169254,0.8772698794525686,Suspicious
492,0.9395638826034757,1,0.6984314560863507,0.19894017800710864,Genuine
493,0.8969563212383515,0,2.0551948195538485,0.35074209278332885,Genuine
494,0.8168150545475146,1,2.5671473969441063,0.3620747555279424,Genuine
495,1.2080377129585504,1,1.5512542184163953,0.16878175224722172,Genuine
496,1.1005429783546514,1,1.8258532732092714,0.14727043095721906,Genuine
497,0.6595731200050595,1,1.701288317428386,0.4077901739453325,Genuine
498,1.9675668239523296,6,8.398735026792922,1.3838556009280476,Cheating
499,0.9699086963875612,6,8.052147722645719,0.6493776914520621,Cheating
500,0.5491738572767335,3,3.4785989081812474,1.1139814070950669,Suspicious
501,0.7283576662947608,1,2.602337219996852,0.23759012876742897,Genuine
502,0.6757211687755662,2,2.216874610443173,0.3687065795858916,Genuine
503,2.1866163437114414,2,5.809514918518607,0.305152544220918,Suspicious
504,0.861036646188834,0,4.119556924598485,0.2319844510988494,Suspicious
505,0.9935438777901059,1,2.3202714675373866,0.3123078201656181,Genuine
506,2.2321231684905554,4,4.051175454831263,0.9885579743675054,Cheating
507,1.6199211163611331,0,4.229074688205703,0.8148636025431123,Suspicious
508,2.4346037940668492,6,7.356026332141972,0.8111943700939945,Cheating
509,1.300313753164431,3,3.2749032790258226,0.6400029702343496,Suspicious
510,1.0043414328403486,3,4.094124267789276,0.8673840875129426,Suspicious
511,1.2365131454121743,2,3.1518193760523943,0.1520555776860276,Genuine
512,3.055539943872079,6,7.719661305601091,0.9170092392515661,Cheating
513,2.570534825127509,5,7.187694619205206,1.2357436027890427,Cheating
514,0.8386507239581023,0,1.1536591922445316,0.3034027411072232,Genuine
515,1.0222745203680106,1,2.346427877908906,0.373463754545933,Genuine
516,0.8028392382664347,2,1.8579224510356014,0.30222039345426366,Genuine
517,1.015630024539337,4,2.457198484790354,0.4734489940229921,Suspicious
518,2.6578646825490515,8,5.048571228465895,0.9930925436660497,Cheating
519,0.8542643866108418,0,1.5944995681855776,0.18859535498380064,Genuine
520,1.0517322295710776,0,2.10636988792883,0.2435018088967924,Genuine
521,1.0846424748914036,3,3.1103418982915567,0.3008828138267395,Genuine
522,1.6721870759777748,6,6.043654062487534,1.2194140757724976,Cheating
523,1.8361688245005854,3,5.0294574815983575,0.7744630760056901,Suspicious
524,1.1427922751705086,2,4.820158186755484,0.5592545743916804,Suspicious
525,1.361303242132402,1,2.169445799109261,0.26658635515401574,Genuine
526,0.7310701945061149,2,2.1058001902942536,0.42753907379990147,Genuine
527,0.9696571132845542,2,2.2365254641166064,0.3937327291820877,Genuine
528,0.8043355584816114,2,2.7033904278940195,0.39331280723410694,Genuine
529,2.1663675795340356,4,7.494786950844871,0.781100612853662,Cheating
530,1.1909658598911634,0,3.697038623125699,0.6848133723036902,Suspicious
531,2.3236682289444435,6,4.293393006282912,1.0073222018599486,Cheating
532,2.4288959036699604,7,5.157326257754978,0.5033893355782595,Cheating
533,0.942899260605777,2,2.3965878441093387,0.2877942867878723,Genuine
534,1.4168606455270043,2,3.8406377678540933,0.695763749642615,Suspicious
535,2.7077454110963846,2,6.48251781206475,1.050417941790046,Cheating
536,1.2019406072586483,3,3.8184968378643327,0.4828144653364489,Suspicious
537,1.065821355742026,0,1.9467560584097263,0.2546207514835916,Genuine
538,0.8852139984065285,1,2.546618553791105,0.41384155206557094,Genuine
539,1.0056025830717779,1,1.8937855350447668,0.4504214282829923,Genuine
540,2.2939005675543336,7,6.444546658881953,0.5736540579563136,Cheating
541,1.3931451678204951,3,2.9362103838979685,0.44203051219014905,Suspicious
542,1.0470776521096026,0,1.3371031143228762,0.11688551216616497,Genuine
543,1.108622467493695,4,2.9436720006942583,0.38829925580083746,Suspicious
544,1.2317668423976484,3,3.5075096091663345,0.6970002583046455,Suspicious
545,0.9064355634335468,1,1.8985412684947776,0.32203518292735456,Genuine
546,1.3139732872519934,4,2.0343185242138575,0.20066413004180492,Genuine
547,1.1936484692040088,3,3.107212484508116,0.7027228928462192,Suspicious
548,1.0069427497505123,3,1.0157478932809731,0.2143501762590801,Genuine
549,1.6390681506993343,2,3.865844357907736,0.6824218322040573,Suspicious
550,1.1114608587560975,0,1.9329274118667712,0.2600100937868863,Genuine
551,2.46157685154844,6,6.418487692122711,1.2585450409656471,Cheating
552,0.7501209593880944,1,1.4460084789785461,0.3297604942797122,Genuine
553,0.7831257583085754,1,1.860940384844381,0.2662811862208827,Genuine
554,1.8312219759061648,7,4.462511529271856,0.9016174239197923,Cheating
555,1.160216192757637,1,1.4450235814818755,0.414706137784043,Genuine
556,1.0285618784885167,0,1.7111247459229115,0.22760096682573908,Genuine
557,0.9609219297645952,0,1.731913916688005,0.27359622380055987,Genuine
558,1.1754825873154073,2,3.9545350238709958,0.663904934156591,Suspicious
559,2.2614469073969143,4,3.7537578780512826,0.719140450035103,Suspicious
560,2.1303879881900363,5,3.347191515830197,0.551934352513397,Suspicious
561,0.6660264666652538,0,2.150850004450868,0.31755362295785977,Genuine
562,0.6312412833038508,2,1.5548410759900642,0.3698320815756202,Genuine
563,0.9494096601548472,2,1.600029746649033,0.10919978628766921,Genuine
564,0.9213894485877198,3,2.50081591260428,0.3429340822801734,Genuine
565,1.075927929677193,1,2.8345347629131656,0.20574419942081235,Genuine
566,1.3229557581419704,0,1.8389859227539709,0.186453330418983,Genuine
567,1.0975810890148372,2,2.5047358942979843,0.21550585614065035,Genuine
568,1.4005904237249591,9,5.862232853497567,0.9212021439051497,Cheating
569,0.9327226109177728,0,2.3763411576430284,0.18125345982615615,Genuine
570,1.036302666301511,0,2.6074867556461188,0.36715311717290533,Genuine
571,2.211212543755133,6,5.00800400429326,0.4900790830670332,Suspicious
572,0.6708814771916372,2,2.752772595952914,0.353762990294988,Genuine
573,1.7712744991242306,2,4.314479472483405,0.9676201415923271,Suspicious
574,1.5994794708123823,2,6.7808295865986405,1.3350501326589863,Cheating
575,2.4118497018464278,7,5.087660238832861,1.108934688323357,Cheating
576,1.062221998228639,1,1.0551753539519235,0.2602804683854012,Genuine
577,1.6386381557264866,10,2.9130498699048673,1.1068650129443387,Cheating
578,0.7175411360140289,1,2.0450913187484496,0.28731192858978055,Genuine
579,0.8348031643946967,1,2.2217618692312073,0.12978712934616116,Genuine
580,1.1101575470233527,2,1.9026616688210014,0.09221881801438031,Genuine
581,2.1078213172780145,2,5.840820726646002,1.5113953017784405,Cheating
582,1.4781532329535447,0,2.188546046871238,0.029560836839722437,Genuine
583,0.874023089527238,0,1.6424683896812868,0.23900992371280774,Genuine
584,2.2301557896224664,1,4.028790813738482,0.8355089449539173,Suspicious
585,0.9574842744022865,0,1.7411537135653927,0.29119087559709267,Genuine
586,1.4339873176161086,1,1.2881586815580386,0.23213569387058966,Genuine
587,0.936352494451476,0,2.1087082878433567,0.26733765109144325,Genuine
588,1.0561064681110517,1,2.5080467608234835,0.2271347585679823,Genuine
589,1.4296965698297552,1,1.5182082777349792,0.18451340203254166,Genuine
590,1.174725700414906,1,1.9847986167347507,0.22296170612838762,Genuine
591,1.107944702496765,3,5.37004366117099,0.2734244323019255,Suspicious
592,1.04706359228782,2,1.7299484532006075,0.4462195938717637,Genuine
593,1.0897271529029056,1,2.374950119711855,0.3279267838216526,Genuine
594,1.7294535621876608,6,6.477781507198312,0.951032071530728,Cheating
595,1.3239649209965298,0,1.77702814306942,0.31131404570530224,Genuine
596,1.4547533355377735,2,1.9925431392549902,0.5419925120787255,Suspicious
597,0.9276734952765682,1,1.8181484419497422,0.30496710563002644,Genuine
598,0.9882470575446541,2,1.747491574816332,0.3859584872343556,Genuine
599,1.0159602968117467,1,1.4506897874110938,0.4420504287271063,Genuine
600,0.9773038708235717,0,2.1107792368121054,0.4017686412736359,Genuine
601,1.1540500895942132,1,2.3246823421687632,0.3811203527862673,Genuine
602,0.9676888032748223,0,1.687561791117225,0.4351072892413139,Genuine
603,1.177238237716959,2,2.527429534605443,0.2813114169619349,Genuine
604,0.8647517583515152,1,1.4528176012249283,0.19157899202201872,Genuine
605,1.42334936429593,1,1.9273743528725058,0.26794404174738146,Genuine
606,0.7457158445749728,0,1.950803508624381,0.23923536546265273,Genuine
607,0.9725378068422241,2,2.8421742580624905,0.40000217150928224,Genuine
608,1.339486436267354,1,1.6595585477460506,0.2718197619313276,Genuine
609,1.6393993392098725,5,5.338025402628851,0.6737476118553861,Suspicious
610,0.9738525866573523,1,2.552470961115486,0.22341900199412884,Genuine
611,1.5861912800674758,3,4.223091225059894,0.85249797897539,Suspicious
612,0.8552199460503811,3,4.112321165469813,0.5214115996387191,Suspicious
613,0.8557899940954021,2,1.7579130243756316,0.2033753680246746,Genuine
614,2.1947729264607854,7,6.7372584708701755,1.0835045903934009,Cheating
615,1.994471982440519,2,5.853253781850085,0.6676174987255012,Cheating
616,0.7382443375846142,0,2.9671942639542648,0.3395798848709747,Genuine
617,1.052710162390957,1,0.8065350649021636,0.25041218279898503,Genuine
618,2.038920075017484,6,2.4343519683944037,0.2706272283414307,Suspicious
619,1.841836937881002,3,3.2062134759810306,0.629871240293157,Suspicious
620,0.958954323488838,1,1.4134217204836133,0.2419231893249539,Genuine
621,0.9483838580271898,0,2.3989218899478835,0.11406632283399423,Genuine
622,1.0090982952661505,0,2.2791682116058527,0.26607630327403786,Genuine
623,0.6714893292733757,3,2.994166996790298,0.5280499306477608,Genuine
624,1.129591947098896,5,3.6646000796211715,0.6300577263153548,Suspicious
625,1.3863880749518178,2,1.694571180097467,0.3504483256383017,Genuine
626,0.6873931386857492,1,1.4102701677461098,0.4453275476042544,Genuine
627,1.5687077363765929,3,4.025210867540082,0.2913763544114259,Suspicious
628,1.032858953074114,2,3.0981115710764,0.40570162829481354,Genuine
629,1.0397589176677706,2,1.954146987927437,0.2112230488461459,Genuine
630,1.999052830768098,4,3.7132057642617307,0.22249361939837475,Suspicious
631,1.942149488844009,4,5.801795116647679,0.8428806091685734,Cheating
632,0.7282851969485051,1,1.460131839362076,0.2401562419418953,Genuine
633,0.8066824218029369,2,2.144826849104879,0.3045871444884565,Genuine
634,1.155805973526026,2,1.4447871253737787,0.2542366750662385,Genuine
635,1.0371377160837478,2,1.9304748401064007,0.4205095653450029,Genuine
636,0.911515402151286,1,1.8294127096649946,0.2433489004768528,Genuine
637,0.775963312262559,1,1.808886380716924,0.23195040563249936,Genuine
638,0.8509353032585819,1,1.66013338619981,0.241473319911046,Genuine
639,0.7519291495698056,2,1.6849875102330527,0.37319555025098455,Genuine
640,0.9606156384006221,0,1.7677094609421908,0.45329333705355573,Genuine
641,1.0065415512537537,2,1.4362519505234808,0.4127908993253569,Genuine
642,1.0308987331190502,0,1.8317237050609134,0.12788241747102755,Genuine
643,0.8167716966837313,2,1.7022325324080705,0.39005330773315916,Genuine
644,1.339887196601742,2,1.7991024865291831,0.4083920966535608,Genuine
645,3.2624547520863434,6,7.411772799629954,1.0575693207619108,Cheating
646,1.3896685289579627,1,2.5125545762908867,0.2952629297455564,Genuine
647,0.9671292946615492,2,2.846267209275714,0.43097427783467995,Suspicious
648,1.1601410823802951,4,3.892005349836132,0.7182884303503709,Suspicious
649,1.1360440720953382,0,2.5175644580883665,0.344556458127749,Genuine
650,1.371795538888684,1,2.491089493383344,0.3096676121140232,Genuine
651,0.9352134998095564,0,1.1288891536823624,0.24539582011832786,Genuine
652,0.7815757599302866,2,2.0676691739461455,0.3078777727866333,Genuine
653,2.0215683645625817,2,4.157127918990941,0.6352379645005385,Suspicious
654,0.8666302566096873,0,2.0989583336710376,0.25937575511304717,Genuine
655,0.8766338245755458,1,2.5611017838488577,0.3369773437115056,Genuine
656,0.8753298639419477,1,2.169192013405571,0.16028476934518482,Genuine
657,1.244413054839237,1,2.1604382555922887,0.2835439030377326,Genuine
658,1.9053336603735507,4,4.511326644162355,0.42414344351760236,Suspicious
659,1.069719023972196,3,1.9423878837239013,0.26150571115899185,Genuine
660,1.108181703712198,1,2.438084583595616,0.1941559366358347,Genuine
661,0.8011633895042363,4,5.897791329318966,1.069030352040959,Cheating
662,0.7235703709741342,4,3.6649005212007655,0.6700740432772676,Suspicious
663,0.8311351925633857,0,2.500683228145431,0.3264584536029111,Genuine
664,0.974773647935231,1,2.483655616519108,0.39957812283775285,Genuine
665,1.1058612423581147,0,2.5867211383162223,0.27274552786381906,Genuine
666,0.9318802586180277,1,2.250071516556942,0.3551885971822154,Genuine
667,1.1360460416835259,0,1.8937493176544173,0.41789483992366677,Genuine
668,1.1193517292603699,0,0.9881730109939164,0.34807445797679837,Genuine
669,1.2993420814891963,0,1.7541310756046364,0.2514465961360502,Genuine
670,1.024809023685344,1,1.6870577345492577,0.3095735833866563,Genuine
671,1.9440050662220394,5,7.120609265769829,1.4195773013878317,Cheating
672,1.3114753634807153,1,2.2601898629425596,0.21307476447840834,Genuine
673,0.9314069667686692,0,2.4250396662087765,0.34176807522394004,Genuine
674,1.0214888748681785,0,2.193685740316495,0.4867224204312315,Genuine
675,3.045940598287678,6,3.9082573967111074,1.316167465688765,Cheating
676,0.761095412046793,1,2.1429016433973667,0.2966074774072091,Genuine
677,0.6810488083673335,1,2.2103498155092396,0.24220792231672894,Genuine
678,2.8286880324880213,3,6.001988533101611,1.2570107440727667,Cheating
679,3.306426252683293,6,7.302764800679257,0.4132915278037015,Cheating
680,1.7257131020292147,2,3.8125630246891387,0.7380945372243026,Suspicious
681,1.0531233986345068,0,1.9753975419133158,0.3489083878150743,Genuine
682,1.030174374255094,0,2.190153421200772,0.2410887867218873,Genuine
683,1.2257614804950296,1,3.822082124195602,0.41743781614069736,Suspicious
684,2.0495417708063406,3,6.5160808823452,0.8536883881153766,Cheating
685,1.2148666009540487,1,2.590064086870764,0.4144293068559939,Genuine
686,0.7224262899088396,0,2.381930175816711,0.3972617642707742,Genuine
687,0.9778928805984636,3,2.54524236245382,0.4199875483780683,Genuine
688,1.1636413640108927,4,4.794301131977006,0.3919612560368204,Suspicious
689,1.3890390148553866,1,2.1851059449708705,0.35843141664353095,Genuine
690,0.979904855885659,0,1.9713046484992287,0.3232871307740251,Genuine
691,1.1441544169676434,1,2.724926759886675,0.15738776312388236,Genuine
692,1.0556597958255662,0,1.8475388938213364,0.1929808437105668,Genuine
693,1.3438081225683642,1,2.395929655194034,0.2429359569799887,Genuine
694,1.1704937286865902,3,1.385408201099792,0.24035885920311204,Genuine
695,1.4803272910290264,3,2.823037887230032,0.9641087815883631,Suspicious
696,0.8867210817570553,0,2.415808393090202,0.3725528373037985,Genuine
697,1.0273343742325765,2,2.510757696390932,0.3918914854658329,Genuine
698,0.9080686455454006,1,1.4600787761092566,0.35457867135323556,Genuine
699,0.5656857190479105,3,2.2108900371254356,0.4310191908080897,Genuine
700,0.9568078959299535,2,2.4687387462534627,0.2266734906513646,Genuine
701,0.8660393283848277,1,1.3732711933874377,0.3022450412277661,Genuine
702,0.9468756356438924,1,2.5182577917522173,0.18287838266227302,Genuine
703,1.4547882077354402,1,2.827377179425271,0.24133272256947905,Genuine
704,1.3334764685877234,0,1.7942644129310197,0.33562527887060833,Genuine
705,3.0569115515213094,5,6.579573980772091,1.2513292664639768,Cheating
706,0.864153869361409,0,0.5428720050915294,0.15353031263060554,Genuine
707,2.1259258579377125,6,4.637324683023072,0.9232600085443833,Suspicious
708,0.7214529055666007,1,1.9827246880230183,0.2751384146233323,Genuine
709,1.8506454549052285,4,3.200370175832961,0.5504572314994092,Suspicious
710,1.235823715773271,2,6.107118523206022,0.7436834846943282,Suspicious
711,0.9684506033537029,1,1.571915079669125,0.3035566074032993,Genuine
712,1.130461230322046,0,1.1843324447914634,0.17419753047712144,Genuine
713,1.146320220431688,3,1.4129629341955128,0.22113280688486373,Genuine
714,1.179508714060759,0,2.5651098859187407,0.22038631968135045,Genuine
715,1.7299619015203236,2,4.092883226738887,0.6258122064909539,Cheating
716,1.4823606104777467,3,4.270836515833954,0.30079708857011456,Suspicious
717,2.875664319249853,10,5.0874738529809935,1.1777590921953285,Cheating
718,1.0819272237367987,0,2.1784863796334633,0.31264128294336174,Genuine
719,1.128955596875291,2,4.722826894985512,0.6223598316406777,Suspicious
720,2.904294320358001,2,6.776992164587178,0.7630347072499241,Cheating
721,0.9996188734022485,1,1.9559380794966528,0.4588507294353629,Genuine
722,1.081345493892223,0,1.5190575688970254,0.32909473643394854,Genuine
723,1.9831358524433071,3,2.6349782045733647,0.7402989563849429,Suspicious
724,1.1037742360880245,2,2.2479025105137853,0.24459262727660103,Genuine
725,1.752852201758654,2,5.103933546701907,0.5487438351496855,Suspicious
726,0.9528166941375752,1,1.7965573777478125,0.2465243329155677,Genuine
727,1.7179885822835288,3,2.730001402606124,0.7337680261092436,Suspicious
728,1.1343889215628995,0,2.1921010360029483,0.3261176806974509,Genuine
729,1.2046401946695973,0,1.4084719076328054,0.27472367449038143,Genuine
730,1.2058826201910653,0,2.3983509635353712,0.4360676036107705,Genuine
731,1.6106213415197876,6,2.9047294811571955,-0.03534076263920016,Suspicious
732,1.711633543338074,3,4.291563676681973,0.7461917952752433,Suspicious
733,0.8698680345263232,1,1.8671977198569474,0.26001217613316285,Genuine
734,0.9770718328987215,0,2.132134135822818,0.11080960987463759,Genuine
735,2.0685892015696807,2,2.9244638140736994,1.2217541484104704,Cheating
736,1.1014040544270713,1,1.971302317462982,0.27372532523134957,Genuine
737,0.9616424125703547,3,5.427305364289216,0.5161130494682898,Suspicious
738,1.1512976708632197,0,1.0429699647062662,0.2644878344509501,Genuine
739,1.082964896407175,1,1.530148700873924,0.41575531916753117,Genuine
740,0.9942394610651157,0,1.3357487354924382,0.2937351777878178,Genuine
741,1.0482480496813458,2,2.50329785763885,0.4282135740360131,Genuine
742,1.4486592469600934,1,4.145318055325738,0.6101072685585823,Suspicious
743,1.2979605263142706,0,1.765751943319842,0.2241234742064625,Genuine
744,1.2701704661398012,1,1.6731604296812905,0.36855897462984166,Genuine
745,2.2150108483939235,6,6.070842138447241,0.6164740232928556,Cheating
746,1.4676022808412659,2,1.88201504247695,0.3870746644588403,Genuine
747,1.189762619294324,0,1.8619886757222153,0.3268718527304668,Genuine
748,1.6720775921086388,5,4.756625348990692,0.8397279184111222,Cheating
749,1.6603643854500278,4,3.391993857062676,0.39710405465851717,Suspicious
750,0.731985585775213,0,2.216108345379627,0.35841314848188116,Genuine
751,2.668319807684468,2,7.490673321795659,1.4121743155634348,Cheating
752,1.2590452935703587,2,4.47536561069201,0.6402029961417307,Suspicious
753,0.915457108061458,2,1.5889619940860362,0.1780715533477806,Genuine
754,0.8861100451015779,1,1.9379893063050015,0.13114948119314998,Genuine
755,1.1519810310120513,3,2.972596448473989,0.5253463508117372,Suspicious
756,1.8578073966581168,2,4.928245691344324,0.4207739064054974,Suspicious
757,1.0606874372499648,2,2.413557714282884,0.31579743122514514,Genuine
758,1.5368485993323662,8,6.317094851205988,1.2595734851031826,Cheating
759,1.9239827253410031,4,2.7094385780537813,0.5713482169271614,Suspicious
760,1.2193094236460507,2,0.9043730744173595,0.2632682353331482,Genuine
761,0.9449220082363853,1,2.194584905111724,0.30007086276805217,Genuine
762,0.9418803045313734,1,1.7029421847560078,0.5205529568265415,Genuine
763,2.0797347123713004,4,4.240205843946223,0.8506265649536486,Suspicious
764,1.1579839444361704,0,2.4847845128764536,0.40587806734902476,Genuine
765,1.039626330227175,2,1.8406258423769335,0.19701881514581548,Genuine
766,1.550662374381556,3,4.309047443032654,0.41210735160280343,Suspicious
767,2.9715469505384573,7,8.067704441192257,1.0347473761680839,Cheating
768,1.0779209048183975,1,0.889789495532437,0.3286774112382586,Genuine
769,1.5411178885257613,3,4.192596918731305,1.0784219270547986,Suspicious
770,0.5801287471161949,0,2.341611507394404,0.21225452599968997,Genuine
771,0.6381801896598441,1,4.312650991207323,0.956490843311463,Suspicious
772,0.6738885595505392,1,2.027631297939509,0.2827669843275434,Genuine
773,0.7279890691164798,0,2.3664145409108723,0.17257678809232047,Genuine
774,2.0193930604202373,1,4.487774821084338,0.9196643615282066,Suspicious
775,1.1467095627011732,0,1.7222776035674991,0.30218657421822226,Genuine
776,1.1574645011293048,2,2.0647698196030233,0.31553249991994015,Genuine
777,1.759258906049015,1,3.8140755190512294,0.2801210475611377,Suspicious
778,2.510834599221322,2,2.765488001577604,0.6982132086890713,Suspicious
779,1.9954617917466075,4,4.731000626785481,0.7076869914432905,Suspicious
780,1.8862936964683363,0,6.394361900582451,0.5485613910787137,Suspicious
781,0.6773168294695029,1,1.563102689379405,0.3962680234886299,Genuine
782,0.8316012440476799,1,2.0663939075385325,0.29853135856081264,Genuine
783,0.6396994006983847,0,2.560930752397126,0.2813321037686555,Genuine
784,1.145812729000473,0,2.175582733813542,0.2674269544749553,Genuine
785,2.7443272195246617,4,5.542216731778872,1.3140735383464417,Cheating
786,0.9329511836263946,1,1.3294676433492156,0.3031395865532776,Genuine
787,1.3215156612799022,2,1.7813962765260574,0.13742184019248158,Genuine
788,0.8455170017978824,3,2.4447706155845124,0.4543697760992414,Genuine
789,2.351233166080975,3,3.399795752945718,1.0664479921398498,Cheating
790,1.0172860378175084,2,1.7879480922079505,0.3084518475815327,Genuine
791,0.8572830660185649,2,2.313477374128066,0.2722946899720909,Genuine
792,1.090412802030323,1,1.39539273475841,0.17236640793734623,Genuine
793,1.2679133124430912,4,3.2331359619954476,0.6136144538497241,Suspicious
794,1.2057537982846962,4,2.250842522584394,0.307541774261246,Genuine
795,1.6850431600485392,4,5.940158424372432,0.5787281301215235,Cheating
796,2.219491873593845,5,6.779038118456832,0.9227138543467018,Cheating
797,0.9860733093399784,0,1.6748421600689536,0.3610373699725285,Genuine
798,1.5798147810388647,0,3.1704924411179825,0.6299195915037575,Suspicious
799,2.3586963048247536,7,6.719261322002413,1.218682358371135,Cheating
800,1.3230596903064824,2,3.340960725111355,0.5150201821594387,Suspicious
801,1.2116044776231625,4,1.937857111418782,0.2788615770182031,Genuine
802,1.1493222729204313,1,2.162788908393535,0.35181017020299754,Genuine
803,1.388319596075395,3,4.137352479407036,1.1836347110120184,Suspicious
804,0.9631708368633596,0,1.4349106352576584,0.5551174252502648,Genuine
805,1.8600889573627775,0,4.7946003829452115,0.7947244498855693,Suspicious
806,1.9978582286553694,5,5.7740789780551,0.875611929828441,Cheating
807,1.7028956240604574,5,6.327988960135946,0.8661038454296965,Cheating
808,0.9598721402349136,1,2.183755205270301,0.2631060560968538,Genuine
809,1.0427617587882128,1,1.6822950598856314,0.2958707312992717,Genuine
810,2.6336132581053744,6,5.113072816797159,1.0791709351656276,Cheating
811,1.5377802125482694,5,4.7243545112656795,0.6122312919871423,Suspicious
812,1.1520045884882069,1,1.8029221144076013,0.21556715512104957,Genuine
813,2.685423554984941,4,10.403486853491668,0.6780015903331313,Cheating
814,2.0426912446363557,7,6.62375525442909,0.5806583564727109,Cheating
815,1.2405153010450456,2,2.7907318617416643,0.2690340187814311,Genuine
816,0.9946497508851724,1,2.7281642359897926,0.38773505067396974,Genuine
817,0.9606438102246033,3,1.7995424032279366,0.3815765164989993,Genuine
818,0.8906027833089122,1,1.6624562105197545,0.2184497298129779,Genuine
819,0.9198252087490051,0,1.1864975395666257,0.5022590230569481,Genuine
820,2.1010162924116926,4,3.2209805784800145,0.5274427344931656,Suspicious
821,0.8262447298012688,1,2.1805125725713776,0.39681026637765426,Genuine
822,1.0721972165074163,1,1.1944152684128904,0.35146715543882295,Genuine
823,0.9246324641006879,0,1.2647552243843747,0.17372302243014356,Genuine
824,0.8448250353667033,1,2.0394820228340422,0.40268946182579146,Genuine
825,2.6597465247472134,8,5.422444796360669,0.4395994339987769,Cheating
826,1.4027397834662714,1,2.2811251415848597,0.376447822030579,Genuine
827,0.8039060930156204,2,1.935482942435108,0.21483378256656066,Genuine
828,1.296411720438662,2,3.021259163690234,0.9814595672853107,Suspicious
829,0.7127816974929886,0,1.6716553271862935,0.2739690958728562,Genuine
830,0.6979917576029495,1,1.8897308854217314,0.322328091325537,Genuine
831,0.760321575009591,1,2.5420991220217712,0.3210303040221995,Genuine
832,1.0396787034354973,1,1.9954088233074305,0.3475588435928582,Genuine
833,0.6506208617308891,0,2.612735272657235,0.28165900127079574,Genuine
834,0.7988959970969406,0,1.5118767742727324,0.248746588935345,Genuine
835,0.8396944819790917,3,1.8264067524438687,0.3770802219987971,Genuine
836,1.6676987027813923,5,6.641721592729355,0.9175593085741935,Cheating
837,0.5597513053098163,1,2.3068854278949544,0.33754558576272525,Genuine
838,1.033514021160198,1,2.5811297987528334,0.13679851149735825,Genuine
839,1.2380208668247736,3,4.061883352887135,0.4144893338376544,Suspicious
840,0.9619518311173568,1,1.2512766656971257,0.2511113880956309,Genuine
841,2.2355761313776332,3,2.903779675131435,0.5864257236601036,Suspicious
842,1.0863263259275195,1,2.3698377340589167,0.36087355891244166,Genuine
843,1.965721656456661,5,7.263445990520854,1.0069587935672124,Cheating
844,1.2702031504974,0,1.2437355173505622,0.26448834345568917,Genuine
845,0.7400724660275169,1,2.546051480509667,0.1523536358378198,Genuine
846,1.091300467033559,1,1.8747198156906544,0.3062259856329332,Genuine
847,1.8125208897907727,5,6.312082547736082,0.7830606105948226,Cheating
848,1.1817624822699937,1,1.7960142609493734,0.3586797377984726,Genuine
849,0.8651171371179747,0,1.645284421335762,0.36445954324151764,Genuine
850,0.923509520466142,2,1.0120183500541902,0.20202380522560254,Genuine
851,1.4415158630875586,5,2.543318558675918,0.5156811874884794,Suspicious
852,0.7371658481790326,0,2.3966746618430292,0.3687932972051428,Genuine
853,1.932210037237586,6,5.377237078254432,0.6621285378741812,Cheating
854,1.0430441465900435,2,2.3832756771688857,0.3319965191145163,Genuine
855,0.718611319897366,1,2.8522960466486884,0.18918875417411307,Genuine
856,1.1952081438711892,0,2.6997432134861716,0.2845626465276071,Genuine
857,0.8278176938813283,0,1.9817050128285345,0.36596499980823705,Genuine
858,1.2180366942040894,1,1.6259519676891765,0.32935375299686404,Genuine
859,1.0498835375370084,1,2.757722404176124,0.3381734168962509,Genuine
860,1.4506526299987663,1,3.4998021829040042,0.5660295284644539,Suspicious
861,1.327347992366128,1,1.7588432145318484,0.4098983357441965,Genuine
862,1.391967450948935,2,2.2253065247156942,0.3528774678358886,Genuine
863,0.9766253743267574,1,2.7036150056918173,0.17914094757576576,Genuine
864,0.7177489989660601,1,1.9316015476213295,0.42079940398603866,Genuine
865,0.5508659123455009,1,2.2558894893252472,0.36187258381044657,Genuine
866,1.1470682308395592,2,2.0309540520149985,0.1948779970217497,Genuine
867,0.49364613674983726,0,1.6065966715518076,0.2215503927610465,Genuine
868,3.3795506274117173,4,7.288342194989809,1.151374544343217,Cheating
869,2.675923018002165,3,4.8810868102865985,0.8015375672454125,Cheating
870,1.150683892700486,0,1.6927306081544526,0.30192059680036915,Genuine
871,0.7220740658288909,1,1.890177492233123,0.23553240488365085,Genuine
872,1.7324877114954114,5,5.618192489439077,0.5942896030928635,Suspicious
873,1.0237358168135382,0,1.383784380418,0.39524619705361697,Genuine
874,1.337837786730336,2,2.8349613907023192,0.4698290392426956,Genuine
875,0.5371087842443047,2,1.5136177416199996,0.3406622034222674,Genuine
876,1.5309483462836662,1,4.638677139880301,0.5872852921627757,Suspicious
877,1.0196288435555103,5,3.3754895449114226,0.749396168020942,Suspicious
878,1.0062983124523992,2,2.345036838168306,0.2571325203118694,Genuine
879,1.0185860468227974,1,1.7610738019824126,0.187726337463132,Genuine
880,1.3951471736145284,0,1.4581323150299168,0.16518229545725097,Genuine
881,1.6062728945886497,5,3.355659732978016,0.052171958772505356,Suspicious
882,1.2372290948084599,0,2.7701619899099432,0.3224417207944116,Genuine
883,1.1003582335555282,0,2.5624662726516205,0.1257228026118959,Genuine
884,1.763775412256901,0,3.7233282282808546,0.3112885931632549,Suspicious
885,1.1373750446405788,0,1.8930624162226806,0.39703162017882815,Genuine
886,1.7675039840509987,2,4.220583537737361,0.6367598745986859,Suspicious
887,0.9171220416069534,2,2.519303034604408,0.30931583376997424,Genuine
888,0.8978021659608546,0,0.7232252019720509,0.20635539483509902,Genuine
889,0.7632314717896662,1,2.9969314696162974,0.2544539616153791,Genuine
890,1.579932292946447,4,2.749926482029075,0.4519019787335683,Suspicious
891,2.8188946630946066,7,7.179609317993725,0.8321361144131594,Cheating
892,0.46678788394290405,4,5.359189494164025,0.8144393431876975,Suspicious
893,1.2024448846907667,0,1.9345370974369367,0.4128239783268838,Genuine
894,1.249663037401956,4,3.1942003451157954,0.6498740565455304,Suspicious
895,0.9975713177722467,1,1.2064831192370042,0.30085881385081825,Genuine
896,1.2770972681036177,1,1.7763133750793922,0.3163431760587132,Genuine
897,2.7472683692341593,6,6.269433408947885,1.4035442861357244,Cheating
898,1.0719477950253578,2,1.7506830521057744,0.3056580189305454,Genuine
899,0.7758375786222046,0,1.7179019100697568,0.15059622067102493,Genuine
900,1.2510291576749808,1,1.7511637382854803,0.30683715659676586,Genuine
901,0.6507066548841933,0,2.589629667305063,0.5002682766408592,Genuine
902,1.0570798753443373,2,2.0699968713182173,0.26001000098906835,Genuine
903,0.8509664459365299,3,1.947516146218188,0.36127907415832894,Genuine
904,0.9949011742829601,0,1.8914205964315718,0.09805938712091983,Genuine
905,2.629301529811077,7,3.2950241194669214,1.080169585254629,Cheating
906,1.651451476261771,5,3.6543336253239973,0.5429938303450276,Suspicious
907,1.1284051003070639,1,1.1881307089413853,0.2630089530542853,Genuine
908,1.1134977442259957,0,1.4831325666459656,0.25520386615500246,Genuine
909,0.7570387728222714,1,2.0679297120408284,0.29474949314613474,Genuine
910,0.9710242876104226,2,2.021520435425194,0.32128198468830527,Genuine
911,0.9332108807389276,1,1.3771287748831649,0.35225100702105117,Genuine
912,2.8359558430745544,4,4.2802055410501945,0.5964210045983299,Suspicious
913,0.8047199902672405,0,0.8652510677512952,0.27906833833785,Genuine
914,0.8194622812355854,1,2.169588789567742,0.3966544250520612,Genuine
915,0.8647333697111499,0,2.014715295838776,0.3516644445935967,Genuine
916,0.803734812696507,0,1.2975915280362464,0.22701304135374073,Genuine
917,3.4846380466880174,5,5.137805373593275,0.8150099320433638,Cheating
918,1.2860680386269467,5,4.601257962043635,0.7698285211864382,Suspicious
919,0.7450961785385262,2,1.9465142650707599,0.49422455947562993,Genuine
920,1.2516669998208465,5,6.141931567004037,1.9294898302213772,Cheating
921,0.9483649723937131,0,2.1894168163447394,0.3695377236401729,Genuine
922,3.447636110183913,7,2.7393466433790117,0.7656973169355448,Cheating
923,1.703953293967719,2,1.5646876682171116,0.7368326417217909,Suspicious
924,0.8370487994352904,1,2.088075225943846,0.3033719054901053,Genuine
925,1.0537187162088595,1,1.7015526076340144,0.13255305395467545,Genuine
926,0.9781953160073072,2,2.01718765451323,0.331364036740782,Genuine
927,1.133206914677972,0,2.0921545320390518,0.2579972272705837,Genuine
928,0.8381301226138146,4,5.4444121950550874,0.30868240534812724,Suspicious
929,1.3731689104570541,1,1.9703162743842977,0.4309136641963277,Genuine
930,0.6262393883435058,0,2.2077375757531246,0.3243134655138489,Genuine
931,1.4119186644858757,3,1.7764258320628032,0.49638619610498863,Suspicious
932,2.1194118125640666,5,5.052844458775225,0.8028595113165826,Cheating
933,0.860456219220351,0,2.167447220876146,0.2104004146830214,Genuine
934,0.7280061619761651,2,2.613899993925843,0.21825918655856602,Genuine
935,1.0642582941514775,1,2.336146704020201,0.1499523450836998,Genuine
936,0.7042445752307429,0,2.836132952048764,0.285713341465802,Genuine
937,1.286532527617493,7,7.533672409283886,0.8399704760147527,Cheating
938,0.5004305760865438,1,2.1564981522674143,0.10101844812008526,Genuine
939,0.8650243007139765,0,1.9119332482245108,0.01004861201315177,Genuine
940,1.3342695150874953,2,1.5493121600514128,0.28809138565039405,Genuine
941,1.0187466606347706,1,2.5443073506596763,0.3209461969730197,Genuine
942,1.4405972328469945,3,4.486171241465874,0.6326132687771155,Suspicious
943,1.1749969697958798,7,4.253706719491813,0.4205490145003767,Suspicious
944,0.8866736150761115,0,2.422919812121696,0.3102917390523237,Genuine
945,0.5371911867999789,2,2.6787306828416497,0.4791670710523534,Genuine
946,1.4175987365020188,0,2.3538574414330644,0.3001109944687293,Genuine
947,1.3733396910510534,6,6.201492150401813,0.8055099017966847,Cheating
948,2.7218390880446606,7,5.208472208374561,1.972041744591042,Cheating
949,1.179041047003725,3,2.0012511501585615,0.480906674864441,Genuine
950,1.5565249133653392,3,3.6217234554225914,0.658590366703767,Suspicious
951,1.119364724743793,5,4.09427929361428,0.3927270231735809,Suspicious
952,0.833875683891071,2,2.8810638315395454,0.34349410383678985,Genuine
953,2.0636079912541274,5,4.502539837063417,1.1556379052355163,Cheating
954,1.1727056485043041,0,2.0857346587951953,0.19746661094675472,Genuine
955,1.1118674649055345,1,1.6677814089473262,0.19728825757812163,Genuine
956,0.7129288168017838,1,1.7103230835811707,0.4099487025333081,Genuine
957,0.9622576800520333,1,2.0689478879374534,0.49566099625857163,Genuine
958,1.1581442037080811,2,2.1527990635864223,0.5492183998600687,Genuine
959,1.4899514286979814,3,5.071515935581038,0.2986931939619201,Suspicious
960,0.6068888217046989,1,1.7064423646899263,0.35024996961292904,Genuine
961,1.2437004545790946,2,3.285503908696902,0.630668953520423,Suspicious
962,1.1177270919592546,2,2.3641726065347717,0.5202013924659616,Genuine
963,0.928781590276189,0,2.647913535886346,0.3566425027987766,Genuine
964,0.5518306511954523,0,2.002817915148426,0.4377180936504561,Genuine
965,1.204007301380418,1,2.1706079212460168,0.4500274609000988,Genuine
966,1.6298038375307091,4,5.025632113872582,1.064200799212361,Suspicious
967,1.1206956083335968,1,2.3808360931475008,0.3825954155620064,Genuine
968,0.7749470220384681,1,1.4532338567701637,0.26586901537901514,Genuine
969,1.1069087226912382,3,1.4639709690784801,0.4302340744853761,Genuine
970,1.8955293133801463,1,5.280332303871728,0.6110085114562087,Suspicious
971,2.0141613436390906,4,5.534413512933652,0.5356595331072906,Cheating
972,1.7057019054429357,2,3.9596660897859564,0.6796896091024002,Suspicious
973,1.0490808122411623,0,1.9186481492154541,0.2128806969992369,Genuine
974,1.0144306473643523,1,2.369118615408081,0.3233042951529484,Genuine
975,0.8563870432763472,1,1.706071847546,0.32306108487662144,Genuine
976,0.7733157963414754,1,2.1749618576246963,0.5337827745388299,Genuine
977,0.8278486396596361,0,1.5655769608407848,0.4063773983785577,Genuine
978,0.8092221823173376,1,2.2266272506428857,0.14652126709048602,Genuine
979,0.9093634048740884,1,2.231131232227102,0.17674239453845175,Genuine
980,0.9593638526758239,2,1.6138410786385826,0.2183845010971956,Genuine
981,1.0179781579637792,2,2.996150272969115,0.7669499445286604,Suspicious
982,0.7656991183660764,0,1.3797032075796327,0.40899049590908304,Genuine
983,0.8857632051831626,2,0.9304429377845744,0.28540625638866984,Genuine
984,2.131046180642122,3,6.209183966688679,0.5022015420843049,Suspicious
985,0.8768525083581588,0,2.3622958893615613,0.344848545419644,Genuine
986,1.5365849230334174,2,3.081980938361035,0.21211891837162505,Suspicious
987,1.1780020253652859,1,1.818193352049191,0.471110729167705,Genuine
988,1.142238490684315,0,1.0388429472730172,0.2618510585175907,Genuine
989,1.0718026226379873,2,6.238353161770862,0.4122091704062264,Suspicious
990,1.2276459025187223,3,5.527429386880181,0.8631263724376489,Suspicious
991,1.54206364930568,3,4.981383992275033,0.733883238237377,Suspicious
992,0.9919494203158343,1,1.05414280551425,0.2489557793233449,Genuine
993,0.9245764252613105,0,1.7238693739436957,0.1902856350371186,Genuine
994,1.4583822533637372,1,2.9337310020806755,0.2600534509527147,Genuine
995,1.025837494666342,0,3.0798696303304998,0.11385155494445115,Genuine
996,1.9976964476673915,4,6.840978779368163,0.9203318462444376,Cheating
997,1.274020370722074,2,1.1499901160948942,0.2933027640277478,Genuine
998,2.415804914199228,3,7.44690263595554,0.8630508104594915,Cheating
999,1.2568874105554768,2,1.684298722216721,0.30525263682153164,Genuine
